Geo ID,Geographic Area Name,Median gross rent
8600000US90001,ZCTA5 90001,1150
8600000US90002,ZCTA5 90002,1187
8600000US90003,ZCTA5 90003,1212
8600000US90004,ZCTA5 90004,1307
8600000US90005,ZCTA5 90005,1235
8600000US90006,ZCTA5 90006,1116
8600000US90007,ZCTA5 90007,1182
8600000US90008,ZCTA5 90008,1203
8600000US90010,ZCTA5 90010,1931
8600000US90011,ZCTA5 90011,1178
8600000US90012,ZCTA5 90012,1688
8600000US90013,ZCTA5 90013,741
8600000US90014,ZCTA5 90014,1710
8600000US90015,ZCTA5 90015,1375
8600000US90016,ZCTA5 90016,1238
8600000US90017,ZCTA5 90017,1117
8600000US90018,ZCTA5 90018,1189
8600000US90019,ZCTA5 90019,1407
8600000US90020,ZCTA5 90020,1376
8600000US90021,ZCTA5 90021,647
8600000US90022,ZCTA5 90022,1107
8600000US90023,ZCTA5 90023,1139
8600000US90024,ZCTA5 90024,2265
8600000US90025,ZCTA5 90025,2062
8600000US90026,ZCTA5 90026,1355
8600000US90027,ZCTA5 90027,1468
8600000US90028,ZCTA5 90028,1419
8600000US90029,ZCTA5 90029,1200
8600000US90031,ZCTA5 90031,1161
8600000US90032,ZCTA5 90032,1205
8600000US90033,ZCTA5 90033,1091
8600000US90034,ZCTA5 90034,1727
8600000US90035,ZCTA5 90035,1921
8600000US90036,ZCTA5 90036,2265
8600000US90037,ZCTA5 90037,1106
8600000US90038,ZCTA5 90038,1330
8600000US90039,ZCTA5 90039,1727
8600000US90040,ZCTA5 90040,1163
8600000US90041,ZCTA5 90041,1460
8600000US90042,ZCTA5 90042,1342
8600000US90043,ZCTA5 90043,1137
8600000US90044,ZCTA5 90044,1137
8600000US90045,ZCTA5 90045,2132
8600000US90046,ZCTA5 90046,1699
8600000US90047,ZCTA5 90047,1241
8600000US90048,ZCTA5 90048,2144
8600000US90049,ZCTA5 90049,2238
8600000US90056,ZCTA5 90056,1826
8600000US90057,ZCTA5 90057,1079
8600000US90058,ZCTA5 90058,635
8600000US90059,ZCTA5 90059,986
8600000US90061,ZCTA5 90061,1179
8600000US90062,ZCTA5 90062,1255
8600000US90063,ZCTA5 90063,1175
8600000US90064,ZCTA5 90064,1955
8600000US90065,ZCTA5 90065,1318
8600000US90066,ZCTA5 90066,1783
8600000US90067,ZCTA5 90067,3045
8600000US90068,ZCTA5 90068,1770
8600000US90069,ZCTA5 90069,1832
8600000US90071,ZCTA5 90071,1671
8600000US90073,ZCTA5 90073,-
8600000US90077,ZCTA5 90077,2566
8600000US90079,ZCTA5 90079,-
8600000US90089,ZCTA5 90089,-
8600000US90090,ZCTA5 90090,-
8600000US90094,ZCTA5 90094,3042
8600000US90095,ZCTA5 90095,-
8600000US90201,ZCTA5 90201,1245
8600000US90210,ZCTA5 90210,2488
8600000US90211,ZCTA5 90211,1922
8600000US90212,ZCTA5 90212,2323
8600000US90220,ZCTA5 90220,1233
8600000US90221,ZCTA5 90221,1196
8600000US90222,ZCTA5 90222,1208
8600000US90230,ZCTA5 90230,1789
8600000US90232,ZCTA5 90232,1778
8600000US90240,ZCTA5 90240,1547
8600000US90241,ZCTA5 90241,1402
8600000US90242,ZCTA5 90242,1509
8600000US90245,ZCTA5 90245,1928
8600000US90247,ZCTA5 90247,1290
8600000US90248,ZCTA5 90248,1275
8600000US90249,ZCTA5 90249,1248
8600000US90250,ZCTA5 90250,1271
8600000US90254,ZCTA5 90254,2181
8600000US90255,ZCTA5 90255,1095
8600000US90260,ZCTA5 90260,1493
8600000US90262,ZCTA5 90262,1212
8600000US90263,ZCTA5 90263,-
8600000US90265,ZCTA5 90265,2396
8600000US90266,ZCTA5 90266,2628
8600000US90270,ZCTA5 90270,1104
8600000US90272,ZCTA5 90272,2537
8600000US90274,ZCTA5 90274,2619
8600000US90275,ZCTA5 90275,2645
8600000US90277,ZCTA5 90277,2061
8600000US90278,ZCTA5 90278,2049
8600000US90280,ZCTA5 90280,1160
8600000US90290,ZCTA5 90290,2853
8600000US90291,ZCTA5 90291,2100
8600000US90292,ZCTA5 90292,2968
8600000US90293,ZCTA5 90293,2281
8600000US90301,ZCTA5 90301,1300
8600000US90302,ZCTA5 90302,1376
8600000US90303,ZCTA5 90303,1364
8600000US90304,ZCTA5 90304,1180
8600000US90305,ZCTA5 90305,1576
8600000US90401,ZCTA5 90401,1796
8600000US90402,ZCTA5 90402,1817
8600000US90403,ZCTA5 90403,1959
8600000US90404,ZCTA5 90404,1702
8600000US90405,ZCTA5 90405,1748
8600000US90501,ZCTA5 90501,1448
8600000US90502,ZCTA5 90502,1418
8600000US90503,ZCTA5 90503,1815
8600000US90504,ZCTA5 90504,1563
8600000US90505,ZCTA5 90505,1781
8600000US90506,ZCTA5 90506,-
8600000US90601,ZCTA5 90601,1372
8600000US90602,ZCTA5 90602,1278
8600000US90603,ZCTA5 90603,1891
8600000US90604,ZCTA5 90604,1501
8600000US90605,ZCTA5 90605,1507
8600000US90606,ZCTA5 90606,1497
8600000US90620,ZCTA5 90620,1820
8600000US90621,ZCTA5 90621,1580
8600000US90623,ZCTA5 90623,1771
8600000US90630,ZCTA5 90630,1891
8600000US90631,ZCTA5 90631,1576
8600000US90638,ZCTA5 90638,1687
8600000US90640,ZCTA5 90640,1334
8600000US90650,ZCTA5 90650,1592
8600000US90660,ZCTA5 90660,1403
8600000US90670,ZCTA5 90670,1413
8600000US90680,ZCTA5 90680,1643
8600000US90701,ZCTA5 90701,1662
8600000US90703,ZCTA5 90703,2385
8600000US90704,ZCTA5 90704,1555
8600000US90706,ZCTA5 90706,1368
8600000US90710,ZCTA5 90710,1203
8600000US90712,ZCTA5 90712,1991
8600000US90713,ZCTA5 90713,1998
8600000US90715,ZCTA5 90715,1699
8600000US90716,ZCTA5 90716,1403
8600000US90717,ZCTA5 90717,1377
8600000US90720,ZCTA5 90720,1912
8600000US90723,ZCTA5 90723,1388
8600000US90731,ZCTA5 90731,1330
8600000US90732,ZCTA5 90732,2034
8600000US90740,ZCTA5 90740,1930
8600000US90742,ZCTA5 90742,1992
8600000US90743,ZCTA5 90743,-
8600000US90744,ZCTA5 90744,1146
8600000US90745,ZCTA5 90745,1485
8600000US90746,ZCTA5 90746,1759
8600000US90747,ZCTA5 90747,-
8600000US90755,ZCTA5 90755,1449
8600000US90802,ZCTA5 90802,1307
8600000US90803,ZCTA5 90803,1703
8600000US90804,ZCTA5 90804,1360
8600000US90805,ZCTA5 90805,1212
8600000US90806,ZCTA5 90806,1189
8600000US90807,ZCTA5 90807,1411
8600000US90808,ZCTA5 90808,1832
8600000US90810,ZCTA5 90810,1175
8600000US90813,ZCTA5 90813,1147
8600000US90814,ZCTA5 90814,1455
8600000US90815,ZCTA5 90815,1865
8600000US90822,ZCTA5 90822,-
8600000US90831,ZCTA5 90831,-
8600000US91001,ZCTA5 91001,1728
8600000US91006,ZCTA5 91006,1749
8600000US91007,ZCTA5 91007,1624
8600000US91008,ZCTA5 91008,2516
8600000US91010,ZCTA5 91010,1547
8600000US91011,ZCTA5 91011,2858
8600000US91016,ZCTA5 91016,1577
8600000US91020,ZCTA5 91020,1708
8600000US91024,ZCTA5 91024,1615
8600000US91030,ZCTA5 91030,1802
8600000US91040,ZCTA5 91040,1411
8600000US91042,ZCTA5 91042,1495
8600000US91046,ZCTA5 91046,1292
8600000US91101,ZCTA5 91101,1773
8600000US91103,ZCTA5 91103,1488
8600000US91104,ZCTA5 91104,1510
8600000US91105,ZCTA5 91105,2466
8600000US91106,ZCTA5 91106,1717
8600000US91107,ZCTA5 91107,1744
8600000US91108,ZCTA5 91108,3218
8600000US91201,ZCTA5 91201,1593
8600000US91202,ZCTA5 91202,1754
8600000US91203,ZCTA5 91203,1678
8600000US91204,ZCTA5 91204,1456
8600000US91205,ZCTA5 91205,1480
8600000US91206,ZCTA5 91206,1645
8600000US91207,ZCTA5 91207,1711
8600000US91208,ZCTA5 91208,1975
8600000US91210,ZCTA5 91210,3458
8600000US91214,ZCTA5 91214,1945
8600000US91301,ZCTA5 91301,2536
8600000US91302,ZCTA5 91302,2498
8600000US91303,ZCTA5 91303,1541
8600000US91304,ZCTA5 91304,1521
8600000US91306,ZCTA5 91306,1426
8600000US91307,ZCTA5 91307,2787
8600000US91311,ZCTA5 91311,1868
8600000US91316,ZCTA5 91316,1746
8600000US91320,ZCTA5 91320,2267
8600000US91321,ZCTA5 91321,1642
8600000US91324,ZCTA5 91324,1744
8600000US91325,ZCTA5 91325,1569
8600000US91326,ZCTA5 91326,1895
8600000US91330,ZCTA5 91330,-
8600000US91331,ZCTA5 91331,1436
8600000US91335,ZCTA5 91335,1459
8600000US91340,ZCTA5 91340,1381
8600000US91342,ZCTA5 91342,1607
8600000US91343,ZCTA5 91343,1389
8600000US91344,ZCTA5 91344,1817
8600000US91345,ZCTA5 91345,1636
8600000US91350,ZCTA5 91350,1933
8600000US91351,ZCTA5 91351,1711
8600000US91352,ZCTA5 91352,1399
8600000US91354,ZCTA5 91354,2352
8600000US91355,ZCTA5 91355,2040
8600000US91356,ZCTA5 91356,1624
8600000US91360,ZCTA5 91360,1934
8600000US91361,ZCTA5 91361,2317
8600000US91362,ZCTA5 91362,2119
8600000US91364,ZCTA5 91364,2440
8600000US91367,ZCTA5 91367,2196
8600000US91371,ZCTA5 91371,-
8600000US91377,ZCTA5 91377,2489
8600000US91381,ZCTA5 91381,2041
8600000US91384,ZCTA5 91384,1727
8600000US91387,ZCTA5 91387,1943
8600000US91390,ZCTA5 91390,2242
8600000US91401,ZCTA5 91401,1403
8600000US91402,ZCTA5 91402,1311
8600000US91403,ZCTA5 91403,1908
8600000US91405,ZCTA5 91405,1290
8600000US91406,ZCTA5 91406,1448
8600000US91411,ZCTA5 91411,1454
8600000US91423,ZCTA5 91423,1857
8600000US91436,ZCTA5 91436,2592
8600000US91501,ZCTA5 91501,1684
8600000US91502,ZCTA5 91502,1478
8600000US91504,ZCTA5 91504,1728
8600000US91505,ZCTA5 91505,1858
8600000US91506,ZCTA5 91506,1607
8600000US91601,ZCTA5 91601,1538
8600000US91602,ZCTA5 91602,1755
8600000US91604,ZCTA5 91604,1970
8600000US91605,ZCTA5 91605,1363
8600000US91606,ZCTA5 91606,1308
8600000US91607,ZCTA5 91607,1611
8600000US91608,ZCTA5 91608,-
8600000US91701,ZCTA5 91701,1801
8600000US91702,ZCTA5 91702,1485
8600000US91706,ZCTA5 91706,1467
8600000US91708,ZCTA5 91708,2079
8600000US91709,ZCTA5 91709,2136
8600000US91710,ZCTA5 91710,1576
8600000US91711,ZCTA5 91711,1571
8600000US91722,ZCTA5 91722,1598
8600000US91723,ZCTA5 91723,1420
8600000US91724,ZCTA5 91724,1726
8600000US91730,ZCTA5 91730,1737
8600000US91731,ZCTA5 91731,1201
8600000US91732,ZCTA5 91732,1318
8600000US91733,ZCTA5 91733,1332
8600000US91737,ZCTA5 91737,1938
8600000US91739,ZCTA5 91739,1828
8600000US91740,ZCTA5 91740,1655
8600000US91741,ZCTA5 91741,1807
8600000US91744,ZCTA5 91744,1464
8600000US91745,ZCTA5 91745,1883
8600000US91746,ZCTA5 91746,1396
8600000US91748,ZCTA5 91748,1606
8600000US91750,ZCTA5 91750,1528
8600000US91752,ZCTA5 91752,1480
8600000US91754,ZCTA5 91754,1345
8600000US91755,ZCTA5 91755,1444
8600000US91759,ZCTA5 91759,1469
8600000US91761,ZCTA5 91761,1613
8600000US91762,ZCTA5 91762,1295
8600000US91763,ZCTA5 91763,1408
8600000US91764,ZCTA5 91764,1567
8600000US91765,ZCTA5 91765,2021
8600000US91766,ZCTA5 91766,1406
8600000US91767,ZCTA5 91767,1367
8600000US91768,ZCTA5 91768,1252
8600000US91770,ZCTA5 91770,1374
8600000US91773,ZCTA5 91773,1800
8600000US91775,ZCTA5 91775,1611
8600000US91776,ZCTA5 91776,1452
8600000US91780,ZCTA5 91780,1631
8600000US91784,ZCTA5 91784,2303
8600000US91786,ZCTA5 91786,1411
8600000US91789,ZCTA5 91789,2272
8600000US91790,ZCTA5 91790,1665
8600000US91791,ZCTA5 91791,1557
8600000US91792,ZCTA5 91792,1751
8600000US91801,ZCTA5 91801,1453
8600000US91803,ZCTA5 91803,1390
8600000US91901,ZCTA5 91901,1622
8600000US91902,ZCTA5 91902,1900
8600000US91905,ZCTA5 91905,722
8600000US91906,ZCTA5 91906,1144
8600000US91910,ZCTA5 91910,1439
8600000US91911,ZCTA5 91911,1482
8600000US91913,ZCTA5 91913,2301
8600000US91914,ZCTA5 91914,2518
8600000US91915,ZCTA5 91915,2447
8600000US91916,ZCTA5 91916,-
8600000US91917,ZCTA5 91917,-
8600000US91931,ZCTA5 91931,-
8600000US91932,ZCTA5 91932,1459
8600000US91934,ZCTA5 91934,-
8600000US91935,ZCTA5 91935,1860
8600000US91941,ZCTA5 91941,1519
8600000US91942,ZCTA5 91942,1571
8600000US91945,ZCTA5 91945,1349
8600000US91948,ZCTA5 91948,-
8600000US91950,ZCTA5 91950,1154
8600000US91962,ZCTA5 91962,1675
8600000US91963,ZCTA5 91963,-
8600000US91977,ZCTA5 91977,1463
8600000US91978,ZCTA5 91978,1767
8600000US91980,ZCTA5 91980,-
8600000US92003,ZCTA5 92003,1841
8600000US92004,ZCTA5 92004,729
8600000US92007,ZCTA5 92007,1995
8600000US92008,ZCTA5 92008,1873
8600000US92009,ZCTA5 92009,2166
8600000US92010,ZCTA5 92010,2165
8600000US92011,ZCTA5 92011,2276
8600000US92014,ZCTA5 92014,2336
8600000US92019,ZCTA5 92019,1670
8600000US92020,ZCTA5 92020,1344
8600000US92021,ZCTA5 92021,1390
8600000US92024,ZCTA5 92024,1975
8600000US92025,ZCTA5 92025,1386
8600000US92026,ZCTA5 92026,1523
8600000US92027,ZCTA5 92027,1416
8600000US92028,ZCTA5 92028,1285
8600000US92029,ZCTA5 92029,1879
8600000US92036,ZCTA5 92036,1146
8600000US92037,ZCTA5 92037,2031
8600000US92040,ZCTA5 92040,1434
8600000US92054,ZCTA5 92054,1508
8600000US92055,ZCTA5 92055,2902
8600000US92056,ZCTA5 92056,1900
8600000US92057,ZCTA5 92057,1929
8600000US92058,ZCTA5 92058,2048
8600000US92059,ZCTA5 92059,1297
8600000US92060,ZCTA5 92060,-
8600000US92061,ZCTA5 92061,1193
8600000US92064,ZCTA5 92064,1625
8600000US92065,ZCTA5 92065,1616
8600000US92066,ZCTA5 92066,1154
8600000US92067,ZCTA5 92067,2975
8600000US92069,ZCTA5 92069,1569
8600000US92070,ZCTA5 92070,525
8600000US92071,ZCTA5 92071,1751
8600000US92075,ZCTA5 92075,2219
8600000US92078,ZCTA5 92078,1897
8600000US92081,ZCTA5 92081,1875
8600000US92082,ZCTA5 92082,1199
8600000US92083,ZCTA5 92083,1564
8600000US92084,ZCTA5 92084,1501
8600000US92086,ZCTA5 92086,1052
8600000US92091,ZCTA5 92091,2400
8600000US92101,ZCTA5 92101,1700
8600000US92102,ZCTA5 92102,1303
8600000US92103,ZCTA5 92103,1543
8600000US92104,ZCTA5 92104,1437
8600000US92105,ZCTA5 92105,1175
8600000US92106,ZCTA5 92106,1895
8600000US92107,ZCTA5 92107,1662
8600000US92108,ZCTA5 92108,2145
8600000US92109,ZCTA5 92109,1743
8600000US92110,ZCTA5 92110,1702
8600000US92111,ZCTA5 92111,1636
8600000US92113,ZCTA5 92113,1183
8600000US92114,ZCTA5 92114,1399
8600000US92115,ZCTA5 92115,1388
8600000US92116,ZCTA5 92116,1438
8600000US92117,ZCTA5 92117,1743
8600000US92118,ZCTA5 92118,2479
8600000US92119,ZCTA5 92119,1782
8600000US92120,ZCTA5 92120,1886
8600000US92121,ZCTA5 92121,2036
8600000US92122,ZCTA5 92122,2121
8600000US92123,ZCTA5 92123,2133
8600000US92124,ZCTA5 92124,2402
8600000US92126,ZCTA5 92126,2083
8600000US92127,ZCTA5 92127,2053
8600000US92128,ZCTA5 92128,2145
8600000US92129,ZCTA5 92129,2046
8600000US92130,ZCTA5 92130,2492
8600000US92131,ZCTA5 92131,2391
8600000US92132,ZCTA5 92132,-
8600000US92134,ZCTA5 92134,-
8600000US92135,ZCTA5 92135,-
8600000US92139,ZCTA5 92139,1620
8600000US92140,ZCTA5 92140,-
8600000US92145,ZCTA5 92145,1297
8600000US92147,ZCTA5 92147,-
8600000US92154,ZCTA5 92154,1611
8600000US92155,ZCTA5 92155,-
8600000US92173,ZCTA5 92173,1165
8600000US92201,ZCTA5 92201,1027
8600000US92203,ZCTA5 92203,1551
8600000US92210,ZCTA5 92210,788
8600000US92211,ZCTA5 92211,1472
8600000US92220,ZCTA5 92220,1029
8600000US92222,ZCTA5 92222,-
8600000US92223,ZCTA5 92223,1220
8600000US92225,ZCTA5 92225,764
8600000US92227,ZCTA5 92227,829
8600000US92230,ZCTA5 92230,877
8600000US92231,ZCTA5 92231,904
8600000US92233,ZCTA5 92233,718
8600000US92234,ZCTA5 92234,1193
8600000US92236,ZCTA5 92236,880
8600000US92239,ZCTA5 92239,-
8600000US92240,ZCTA5 92240,988
8600000US92241,ZCTA5 92241,842
8600000US92242,ZCTA5 92242,620
8600000US92243,ZCTA5 92243,808
8600000US92249,ZCTA5 92249,798
8600000US92250,ZCTA5 92250,608
8600000US92251,ZCTA5 92251,1272
8600000US92252,ZCTA5 92252,897
8600000US92253,ZCTA5 92253,1478
8600000US92254,ZCTA5 92254,598
8600000US92256,ZCTA5 92256,899
8600000US92257,ZCTA5 92257,498
8600000US92258,ZCTA5 92258,636
8600000US92259,ZCTA5 92259,-
8600000US92260,ZCTA5 92260,1277
8600000US92262,ZCTA5 92262,1074
8600000US92264,ZCTA5 92264,1171
8600000US92266,ZCTA5 92266,-
8600000US92267,ZCTA5 92267,-
8600000US92268,ZCTA5 92268,846
8600000US92270,ZCTA5 92270,1191
8600000US92273,ZCTA5 92273,795
8600000US92274,ZCTA5 92274,663
8600000US92275,ZCTA5 92275,984
8600000US92276,ZCTA5 92276,1132
8600000US92277,ZCTA5 92277,937
8600000US92278,ZCTA5 92278,1261
8600000US92280,ZCTA5 92280,-
8600000US92281,ZCTA5 92281,768
8600000US92282,ZCTA5 92282,1315
8600000US92283,ZCTA5 92283,523
8600000US92284,ZCTA5 92284,934
8600000US92285,ZCTA5 92285,892
8600000US92301,ZCTA5 92301,1165
8600000US92304,ZCTA5 92304,-
8600000US92305,ZCTA5 92305,1531
8600000US92307,ZCTA5 92307,1048
8600000US92308,ZCTA5 92308,1083
8600000US92309,ZCTA5 92309,670
8600000US92310,ZCTA5 92310,1369
8600000US92311,ZCTA5 92311,798
8600000US92313,ZCTA5 92313,1405
8600000US92314,ZCTA5 92314,1114
8600000US92315,ZCTA5 92315,957
8600000US92316,ZCTA5 92316,1253
8600000US92320,ZCTA5 92320,1135
8600000US92321,ZCTA5 92321,1021
8600000US92322,ZCTA5 92322,-
8600000US92324,ZCTA5 92324,1200
8600000US92325,ZCTA5 92325,1002
8600000US92327,ZCTA5 92327,779
8600000US92328,ZCTA5 92328,263
8600000US92332,ZCTA5 92332,-
8600000US92333,ZCTA5 92333,-
8600000US92335,ZCTA5 92335,1197
8600000US92336,ZCTA5 92336,1828
8600000US92337,ZCTA5 92337,1683
8600000US92338,ZCTA5 92338,-
8600000US92339,ZCTA5 92339,1358
8600000US92341,ZCTA5 92341,-
8600000US92342,ZCTA5 92342,1429
8600000US92344,ZCTA5 92344,1562
8600000US92345,ZCTA5 92345,1154
8600000US92346,ZCTA5 92346,1129
8600000US92347,ZCTA5 92347,-
8600000US92352,ZCTA5 92352,1404
8600000US92354,ZCTA5 92354,1337
8600000US92356,ZCTA5 92356,911
8600000US92358,ZCTA5 92358,1372
8600000US92359,ZCTA5 92359,1000
8600000US92363,ZCTA5 92363,638
8600000US92364,ZCTA5 92364,-
8600000US92365,ZCTA5 92365,980
8600000US92368,ZCTA5 92368,978
8600000US92371,ZCTA5 92371,1139
8600000US92372,ZCTA5 92372,1036
8600000US92373,ZCTA5 92373,1410
8600000US92374,ZCTA5 92374,1298
8600000US92376,ZCTA5 92376,1224
8600000US92377,ZCTA5 92377,1677
8600000US92378,ZCTA5 92378,-
8600000US92382,ZCTA5 92382,1217
8600000US92384,ZCTA5 92384,-
8600000US92385,ZCTA5 92385,-
8600000US92386,ZCTA5 92386,1109
8600000US92389,ZCTA5 92389,-
8600000US92391,ZCTA5 92391,767
8600000US92392,ZCTA5 92392,1403
8600000US92394,ZCTA5 92394,1237
8600000US92395,ZCTA5 92395,1155
8600000US92397,ZCTA5 92397,1030
8600000US92398,ZCTA5 92398,685
8600000US92399,ZCTA5 92399,1179
8600000US92401,ZCTA5 92401,826
8600000US92404,ZCTA5 92404,1033
8600000US92405,ZCTA5 92405,1076
8600000US92407,ZCTA5 92407,1321
8600000US92408,ZCTA5 92408,964
8600000US92410,ZCTA5 92410,950
8600000US92411,ZCTA5 92411,1092
8600000US92501,ZCTA5 92501,1184
8600000US92503,ZCTA5 92503,1351
8600000US92504,ZCTA5 92504,1297
8600000US92505,ZCTA5 92505,1539
8600000US92506,ZCTA5 92506,1466
8600000US92507,ZCTA5 92507,1314
8600000US92508,ZCTA5 92508,2053
8600000US92509,ZCTA5 92509,1345
8600000US92518,ZCTA5 92518,1669
8600000US92530,ZCTA5 92530,1352
8600000US92532,ZCTA5 92532,1812
8600000US92536,ZCTA5 92536,881
8600000US92539,ZCTA5 92539,814
8600000US92543,ZCTA5 92543,991
8600000US92544,ZCTA5 92544,1219
8600000US92545,ZCTA5 92545,1341
8600000US92548,ZCTA5 92548,1096
8600000US92549,ZCTA5 92549,1139
8600000US92551,ZCTA5 92551,1526
8600000US92553,ZCTA5 92553,1397
8600000US92555,ZCTA5 92555,1803
8600000US92557,ZCTA5 92557,1520
8600000US92561,ZCTA5 92561,1177
8600000US92562,ZCTA5 92562,1736
8600000US92563,ZCTA5 92563,1824
8600000US92567,ZCTA5 92567,1195
8600000US92570,ZCTA5 92570,1186
8600000US92571,ZCTA5 92571,1565
8600000US92582,ZCTA5 92582,1566
8600000US92583,ZCTA5 92583,1141
8600000US92584,ZCTA5 92584,1921
8600000US92585,ZCTA5 92585,1665
8600000US92586,ZCTA5 92586,1192
8600000US92587,ZCTA5 92587,1806
8600000US92590,ZCTA5 92590,989
8600000US92591,ZCTA5 92591,1795
8600000US92592,ZCTA5 92592,2000
8600000US92595,ZCTA5 92595,1590
8600000US92596,ZCTA5 92596,1999
8600000US92602,ZCTA5 92602,2372
8600000US92603,ZCTA5 92603,2491
8600000US92604,ZCTA5 92604,2309
8600000US92606,ZCTA5 92606,2320
8600000US92610,ZCTA5 92610,2268
8600000US92612,ZCTA5 92612,2386
8600000US92614,ZCTA5 92614,2392
8600000US92617,ZCTA5 92617,1395
8600000US92618,ZCTA5 92618,2428
8600000US92620,ZCTA5 92620,2370
8600000US92624,ZCTA5 92624,2060
8600000US92625,ZCTA5 92625,2851
8600000US92626,ZCTA5 92626,1979
8600000US92627,ZCTA5 92627,1769
8600000US92629,ZCTA5 92629,2039
8600000US92630,ZCTA5 92630,1942
8600000US92637,ZCTA5 92637,1755
8600000US92646,ZCTA5 92646,2114
8600000US92647,ZCTA5 92647,1907
8600000US92648,ZCTA5 92648,1833
8600000US92649,ZCTA5 92649,1884
8600000US92651,ZCTA5 92651,2335
8600000US92653,ZCTA5 92653,2133
8600000US92655,ZCTA5 92655,1371
8600000US92656,ZCTA5 92656,2240
8600000US92657,ZCTA5 92657,2623
8600000US92660,ZCTA5 92660,2437
8600000US92661,ZCTA5 92661,1942
8600000US92662,ZCTA5 92662,2149
8600000US92663,ZCTA5 92663,1916
8600000US92672,ZCTA5 92672,1830
8600000US92673,ZCTA5 92673,2383
8600000US92675,ZCTA5 92675,2052
8600000US92676,ZCTA5 92676,2066
8600000US92677,ZCTA5 92677,2265
8600000US92678,ZCTA5 92678,1875
8600000US92679,ZCTA5 92679,2441
8600000US92683,ZCTA5 92683,1583
8600000US92688,ZCTA5 92688,2060
8600000US92691,ZCTA5 92691,2196
8600000US92692,ZCTA5 92692,2237
8600000US92694,ZCTA5 92694,2439
8600000US92701,ZCTA5 92701,1313
8600000US92703,ZCTA5 92703,1587
8600000US92704,ZCTA5 92704,1696
8600000US92705,ZCTA5 92705,1733
8600000US92706,ZCTA5 92706,1452
8600000US92707,ZCTA5 92707,1697
8600000US92708,ZCTA5 92708,2010
8600000US92780,ZCTA5 92780,1718
8600000US92782,ZCTA5 92782,2383
8600000US92801,ZCTA5 92801,1606
8600000US92802,ZCTA5 92802,1488
8600000US92804,ZCTA5 92804,1612
8600000US92805,ZCTA5 92805,1556
8600000US92806,ZCTA5 92806,1821
8600000US92807,ZCTA5 92807,2135
8600000US92808,ZCTA5 92808,2240
8600000US92821,ZCTA5 92821,1828
8600000US92823,ZCTA5 92823,3036
8600000US92831,ZCTA5 92831,1653
8600000US92832,ZCTA5 92832,1571
8600000US92833,ZCTA5 92833,1724
8600000US92835,ZCTA5 92835,1842
8600000US92840,ZCTA5 92840,1634
8600000US92841,ZCTA5 92841,1503
8600000US92843,ZCTA5 92843,1487
8600000US92844,ZCTA5 92844,1635
8600000US92845,ZCTA5 92845,1950
8600000US92860,ZCTA5 92860,1892
8600000US92861,ZCTA5 92861,"3,500+"
8600000US92865,ZCTA5 92865,1857
8600000US92866,ZCTA5 92866,1617
8600000US92867,ZCTA5 92867,1772
8600000US92868,ZCTA5 92868,1887
8600000US92869,ZCTA5 92869,1866
8600000US92870,ZCTA5 92870,1796
8600000US92879,ZCTA5 92879,1617
8600000US92880,ZCTA5 92880,2316
8600000US92881,ZCTA5 92881,1566
8600000US92882,ZCTA5 92882,1593
8600000US92883,ZCTA5 92883,2391
8600000US92886,ZCTA5 92886,2298
8600000US92887,ZCTA5 92887,1931
8600000US93001,ZCTA5 93001,1426
8600000US93003,ZCTA5 93003,1738
8600000US93004,ZCTA5 93004,1737
8600000US93010,ZCTA5 93010,1857
8600000US93012,ZCTA5 93012,2201
8600000US93013,ZCTA5 93013,1975
8600000US93015,ZCTA5 93015,1418
8600000US93021,ZCTA5 93021,2047
8600000US93022,ZCTA5 93022,1526
8600000US93023,ZCTA5 93023,1561
8600000US93030,ZCTA5 93030,1425
8600000US93033,ZCTA5 93033,1527
8600000US93035,ZCTA5 93035,2073
8600000US93036,ZCTA5 93036,1683
8600000US93040,ZCTA5 93040,1128
8600000US93041,ZCTA5 93041,1707
8600000US93042,ZCTA5 93042,-
8600000US93043,ZCTA5 93043,-
8600000US93060,ZCTA5 93060,1266
8600000US93063,ZCTA5 93063,1919
8600000US93064,ZCTA5 93064,-
8600000US93065,ZCTA5 93065,2090
8600000US93066,ZCTA5 93066,1409
8600000US93067,ZCTA5 93067,3204
8600000US93101,ZCTA5 93101,1640
8600000US93103,ZCTA5 93103,1979
8600000US93105,ZCTA5 93105,1890
8600000US93108,ZCTA5 93108,2414
8600000US93109,ZCTA5 93109,1994
8600000US93110,ZCTA5 93110,1957
8600000US93111,ZCTA5 93111,2227
8600000US93117,ZCTA5 93117,1725
8600000US93201,ZCTA5 93201,835
8600000US93202,ZCTA5 93202,1073
8600000US93203,ZCTA5 93203,899
8600000US93204,ZCTA5 93204,856
8600000US93205,ZCTA5 93205,844
8600000US93206,ZCTA5 93206,945
8600000US93207,ZCTA5 93207,-
8600000US93208,ZCTA5 93208,-
8600000US93210,ZCTA5 93210,874
8600000US93212,ZCTA5 93212,838
8600000US93215,ZCTA5 93215,905
8600000US93218,ZCTA5 93218,792
8600000US93219,ZCTA5 93219,738
8600000US93220,ZCTA5 93220,-
8600000US93221,ZCTA5 93221,901
8600000US93222,ZCTA5 93222,1321
8600000US93223,ZCTA5 93223,718
8600000US93224,ZCTA5 93224,1031
8600000US93225,ZCTA5 93225,846
8600000US93226,ZCTA5 93226,-
8600000US93230,ZCTA5 93230,973
8600000US93234,ZCTA5 93234,714
8600000US93235,ZCTA5 93235,788
8600000US93238,ZCTA5 93238,672
8600000US93239,ZCTA5 93239,769
8600000US93240,ZCTA5 93240,863
8600000US93241,ZCTA5 93241,813
8600000US93242,ZCTA5 93242,901
8600000US93243,ZCTA5 93243,1005
8600000US93244,ZCTA5 93244,850
8600000US93245,ZCTA5 93245,1156
8600000US93247,ZCTA5 93247,735
8600000US93249,ZCTA5 93249,691
8600000US93250,ZCTA5 93250,900
8600000US93251,ZCTA5 93251,506
8600000US93252,ZCTA5 93252,795
8600000US93254,ZCTA5 93254,972
8600000US93255,ZCTA5 93255,-
8600000US93256,ZCTA5 93256,874
8600000US93257,ZCTA5 93257,933
8600000US93258,ZCTA5 93258,810
8600000US93260,ZCTA5 93260,-
8600000US93261,ZCTA5 93261,710
8600000US93262,ZCTA5 93262,-
8600000US93263,ZCTA5 93263,881
8600000US93265,ZCTA5 93265,1094
8600000US93266,ZCTA5 93266,1134
8600000US93267,ZCTA5 93267,847
8600000US93268,ZCTA5 93268,779
8600000US93270,ZCTA5 93270,808
8600000US93271,ZCTA5 93271,1305
8600000US93272,ZCTA5 93272,911
8600000US93274,ZCTA5 93274,1036
8600000US93276,ZCTA5 93276,630
8600000US93277,ZCTA5 93277,1018
8600000US93280,ZCTA5 93280,757
8600000US93283,ZCTA5 93283,578
8600000US93285,ZCTA5 93285,948
8600000US93286,ZCTA5 93286,700
8600000US93287,ZCTA5 93287,-
8600000US93291,ZCTA5 93291,994
8600000US93292,ZCTA5 93292,1136
8600000US93301,ZCTA5 93301,858
8600000US93304,ZCTA5 93304,952
8600000US93305,ZCTA5 93305,796
8600000US93306,ZCTA5 93306,1032
8600000US93307,ZCTA5 93307,960
8600000US93308,ZCTA5 93308,1004
8600000US93309,ZCTA5 93309,1011
8600000US93311,ZCTA5 93311,1459
8600000US93312,ZCTA5 93312,1578
8600000US93313,ZCTA5 93313,1558
8600000US93314,ZCTA5 93314,1332
8600000US93401,ZCTA5 93401,1457
8600000US93402,ZCTA5 93402,1516
8600000US93405,ZCTA5 93405,1684
8600000US93410,ZCTA5 93410,-
8600000US93420,ZCTA5 93420,1494
8600000US93422,ZCTA5 93422,1423
8600000US93424,ZCTA5 93424,-
8600000US93426,ZCTA5 93426,886
8600000US93427,ZCTA5 93427,1713
8600000US93428,ZCTA5 93428,1463
8600000US93429,ZCTA5 93429,-
8600000US93430,ZCTA5 93430,1254
8600000US93432,ZCTA5 93432,-
8600000US93433,ZCTA5 93433,1481
8600000US93434,ZCTA5 93434,1209
8600000US93436,ZCTA5 93436,1237
8600000US93437,ZCTA5 93437,1874
8600000US93440,ZCTA5 93440,1669
8600000US93441,ZCTA5 93441,2041
8600000US93442,ZCTA5 93442,1556
8600000US93444,ZCTA5 93444,1563
8600000US93445,ZCTA5 93445,1291
8600000US93446,ZCTA5 93446,1253
8600000US93449,ZCTA5 93449,1774
8600000US93450,ZCTA5 93450,1000
8600000US93451,ZCTA5 93451,1632
8600000US93452,ZCTA5 93452,1111
8600000US93453,ZCTA5 93453,1198
8600000US93454,ZCTA5 93454,1365
8600000US93455,ZCTA5 93455,1808
8600000US93458,ZCTA5 93458,1361
8600000US93460,ZCTA5 93460,1481
8600000US93461,ZCTA5 93461,1651
8600000US93463,ZCTA5 93463,1525
8600000US93465,ZCTA5 93465,1710
8600000US93501,ZCTA5 93501,721
8600000US93505,ZCTA5 93505,968
8600000US93510,ZCTA5 93510,1488
8600000US93512,ZCTA5 93512,-
8600000US93513,ZCTA5 93513,830
8600000US93514,ZCTA5 93514,987
8600000US93516,ZCTA5 93516,703
8600000US93517,ZCTA5 93517,-
8600000US93518,ZCTA5 93518,1031
8600000US93519,ZCTA5 93519,-
8600000US93522,ZCTA5 93522,-
8600000US93523,ZCTA5 93523,1556
8600000US93524,ZCTA5 93524,-
8600000US93526,ZCTA5 93526,890
8600000US93527,ZCTA5 93527,1066
8600000US93528,ZCTA5 93528,-
8600000US93529,ZCTA5 93529,-
8600000US93530,ZCTA5 93530,-
8600000US93531,ZCTA5 93531,-
8600000US93532,ZCTA5 93532,1344
8600000US93534,ZCTA5 93534,1115
8600000US93535,ZCTA5 93535,1153
8600000US93536,ZCTA5 93536,1371
8600000US93541,ZCTA5 93541,-
8600000US93543,ZCTA5 93543,1273
8600000US93544,ZCTA5 93544,-
8600000US93545,ZCTA5 93545,919
8600000US93546,ZCTA5 93546,1244
8600000US93549,ZCTA5 93549,-
8600000US93550,ZCTA5 93550,1143
8600000US93551,ZCTA5 93551,1712
8600000US93552,ZCTA5 93552,1679
8600000US93553,ZCTA5 93553,1325
8600000US93554,ZCTA5 93554,-
8600000US93555,ZCTA5 93555,893
8600000US93558,ZCTA5 93558,-
8600000US93560,ZCTA5 93560,949
8600000US93561,ZCTA5 93561,1052
8600000US93562,ZCTA5 93562,621
8600000US93563,ZCTA5 93563,-
8600000US93591,ZCTA5 93591,1185
8600000US93592,ZCTA5 93592,-
8600000US93601,ZCTA5 93601,779
8600000US93602,ZCTA5 93602,798
8600000US93603,ZCTA5 93603,-
8600000US93604,ZCTA5 93604,-
8600000US93605,ZCTA5 93605,956
8600000US93606,ZCTA5 93606,914
8600000US93608,ZCTA5 93608,789
8600000US93609,ZCTA5 93609,948
8600000US93610,ZCTA5 93610,904
8600000US93611,ZCTA5 93611,1675
8600000US93612,ZCTA5 93612,1046
8600000US93614,ZCTA5 93614,1429
8600000US93615,ZCTA5 93615,974
8600000US93616,ZCTA5 93616,715
8600000US93618,ZCTA5 93618,917
8600000US93619,ZCTA5 93619,1958
8600000US93620,ZCTA5 93620,939
8600000US93621,ZCTA5 93621,-
8600000US93622,ZCTA5 93622,664
8600000US93623,ZCTA5 93623,-
8600000US93624,ZCTA5 93624,593
8600000US93625,ZCTA5 93625,946
8600000US93626,ZCTA5 93626,1496
8600000US93627,ZCTA5 93627,-
8600000US93628,ZCTA5 93628,-
8600000US93630,ZCTA5 93630,965
8600000US93631,ZCTA5 93631,1014
8600000US93633,ZCTA5 93633,-
8600000US93634,ZCTA5 93634,-
8600000US93635,ZCTA5 93635,1252
8600000US93636,ZCTA5 93636,1243
8600000US93637,ZCTA5 93637,1077
8600000US93638,ZCTA5 93638,968
8600000US93640,ZCTA5 93640,787
8600000US93641,ZCTA5 93641,-
8600000US93643,ZCTA5 93643,866
8600000US93644,ZCTA5 93644,997
8600000US93645,ZCTA5 93645,-
8600000US93646,ZCTA5 93646,772
8600000US93647,ZCTA5 93647,869
8600000US93648,ZCTA5 93648,851
8600000US93650,ZCTA5 93650,945
8600000US93651,ZCTA5 93651,1347
8600000US93652,ZCTA5 93652,775
8600000US93653,ZCTA5 93653,1354
8600000US93654,ZCTA5 93654,980
8600000US93656,ZCTA5 93656,905
8600000US93657,ZCTA5 93657,958
8600000US93660,ZCTA5 93660,690
8600000US93662,ZCTA5 93662,960
8600000US93664,ZCTA5 93664,970
8600000US93665,ZCTA5 93665,-
8600000US93666,ZCTA5 93666,787
8600000US93667,ZCTA5 93667,1238
8600000US93668,ZCTA5 93668,1044
8600000US93669,ZCTA5 93669,-
8600000US93673,ZCTA5 93673,803
8600000US93675,ZCTA5 93675,969
8600000US93701,ZCTA5 93701,678
8600000US93702,ZCTA5 93702,822
8600000US93703,ZCTA5 93703,926
8600000US93704,ZCTA5 93704,1043
8600000US93705,ZCTA5 93705,936
8600000US93706,ZCTA5 93706,847
8600000US93710,ZCTA5 93710,1008
8600000US93711,ZCTA5 93711,1192
8600000US93720,ZCTA5 93720,1516
8600000US93721,ZCTA5 93721,800
8600000US93722,ZCTA5 93722,1185
8600000US93723,ZCTA5 93723,1212
8600000US93725,ZCTA5 93725,987
8600000US93726,ZCTA5 93726,942
8600000US93727,ZCTA5 93727,960
8600000US93728,ZCTA5 93728,882
8600000US93730,ZCTA5 93730,1933
8600000US93901,ZCTA5 93901,1350
8600000US93905,ZCTA5 93905,1234
8600000US93906,ZCTA5 93906,1592
8600000US93907,ZCTA5 93907,1584
8600000US93908,ZCTA5 93908,2547
8600000US93920,ZCTA5 93920,731
8600000US93921,ZCTA5 93921,2206
8600000US93923,ZCTA5 93923,1886
8600000US93924,ZCTA5 93924,1679
8600000US93925,ZCTA5 93925,932
8600000US93926,ZCTA5 93926,1194
8600000US93927,ZCTA5 93927,1364
8600000US93928,ZCTA5 93928,-
8600000US93930,ZCTA5 93930,1138
8600000US93932,ZCTA5 93932,1027
8600000US93933,ZCTA5 93933,1392
8600000US93940,ZCTA5 93940,1821
8600000US93943,ZCTA5 93943,-
8600000US93950,ZCTA5 93950,1758
8600000US93953,ZCTA5 93953,2914
8600000US93954,ZCTA5 93954,967
8600000US93955,ZCTA5 93955,1781
8600000US93960,ZCTA5 93960,1195
8600000US93962,ZCTA5 93962,-
8600000US94002,ZCTA5 94002,2342
8600000US94005,ZCTA5 94005,1919
8600000US94010,ZCTA5 94010,2220
8600000US94014,ZCTA5 94014,1897
8600000US94015,ZCTA5 94015,2310
8600000US94019,ZCTA5 94019,1888
8600000US94020,ZCTA5 94020,1566
8600000US94021,ZCTA5 94021,-
8600000US94022,ZCTA5 94022,3172
8600000US94024,ZCTA5 94024,3099
8600000US94025,ZCTA5 94025,2346
8600000US94027,ZCTA5 94027,"3,500+"
8600000US94028,ZCTA5 94028,2914
8600000US94030,ZCTA5 94030,2508
8600000US94037,ZCTA5 94037,1708
8600000US94038,ZCTA5 94038,1862
8600000US94040,ZCTA5 94040,2455
8600000US94041,ZCTA5 94041,2442
8600000US94043,ZCTA5 94043,2495
8600000US94044,ZCTA5 94044,2414
8600000US94060,ZCTA5 94060,2170
8600000US94061,ZCTA5 94061,2272
8600000US94062,ZCTA5 94062,2125
8600000US94063,ZCTA5 94063,2155
8600000US94065,ZCTA5 94065,3396
8600000US94066,ZCTA5 94066,2372
8600000US94070,ZCTA5 94070,2321
8600000US94074,ZCTA5 94074,-
8600000US94080,ZCTA5 94080,2111
8600000US94085,ZCTA5 94085,2570
8600000US94086,ZCTA5 94086,2426
8600000US94087,ZCTA5 94087,2445
8600000US94089,ZCTA5 94089,2810
8600000US94102,ZCTA5 94102,1146
8600000US94103,ZCTA5 94103,1342
8600000US94104,ZCTA5 94104,755
8600000US94105,ZCTA5 94105,2918
8600000US94107,ZCTA5 94107,2495
8600000US94108,ZCTA5 94108,1196
8600000US94109,ZCTA5 94109,1826
8600000US94110,ZCTA5 94110,1816
8600000US94111,ZCTA5 94111,2210
8600000US94112,ZCTA5 94112,1777
8600000US94114,ZCTA5 94114,2243
8600000US94115,ZCTA5 94115,1977
8600000US94116,ZCTA5 94116,2235
8600000US94117,ZCTA5 94117,2270
8600000US94118,ZCTA5 94118,2072
8600000US94121,ZCTA5 94121,1904
8600000US94122,ZCTA5 94122,2171
8600000US94123,ZCTA5 94123,2506
8600000US94124,ZCTA5 94124,1070
8600000US94127,ZCTA5 94127,2907
8600000US94128,ZCTA5 94128,-
8600000US94129,ZCTA5 94129,3367
8600000US94130,ZCTA5 94130,2106
8600000US94131,ZCTA5 94131,2298
8600000US94132,ZCTA5 94132,2106
8600000US94133,ZCTA5 94133,1395
8600000US94134,ZCTA5 94134,1587
8600000US94158,ZCTA5 94158,3035
8600000US94301,ZCTA5 94301,2379
8600000US94303,ZCTA5 94303,1994
8600000US94304,ZCTA5 94304,2972
8600000US94305,ZCTA5 94305,1618
8600000US94306,ZCTA5 94306,2393
8600000US94401,ZCTA5 94401,2266
8600000US94402,ZCTA5 94402,2364
8600000US94403,ZCTA5 94403,2665
8600000US94404,ZCTA5 94404,3202
8600000US94501,ZCTA5 94501,1816
8600000US94502,ZCTA5 94502,2264
8600000US94503,ZCTA5 94503,1830
8600000US94505,ZCTA5 94505,2532
8600000US94506,ZCTA5 94506,2886
8600000US94507,ZCTA5 94507,2796
8600000US94508,ZCTA5 94508,1666
8600000US94509,ZCTA5 94509,1652
8600000US94510,ZCTA5 94510,1858
8600000US94511,ZCTA5 94511,730
8600000US94512,ZCTA5 94512,-
8600000US94513,ZCTA5 94513,2150
8600000US94514,ZCTA5 94514,1313
8600000US94515,ZCTA5 94515,1418
8600000US94516,ZCTA5 94516,644
8600000US94517,ZCTA5 94517,2550
8600000US94518,ZCTA5 94518,1938
8600000US94519,ZCTA5 94519,1826
8600000US94520,ZCTA5 94520,1575
8600000US94521,ZCTA5 94521,1877
8600000US94523,ZCTA5 94523,1988
8600000US94525,ZCTA5 94525,1337
8600000US94526,ZCTA5 94526,2463
8600000US94528,ZCTA5 94528,-
8600000US94530,ZCTA5 94530,1931
8600000US94531,ZCTA5 94531,2268
8600000US94533,ZCTA5 94533,1403
8600000US94534,ZCTA5 94534,2182
8600000US94535,ZCTA5 94535,2252
8600000US94536,ZCTA5 94536,2257
8600000US94538,ZCTA5 94538,2314
8600000US94539,ZCTA5 94539,2652
8600000US94541,ZCTA5 94541,1708
8600000US94542,ZCTA5 94542,2146
8600000US94544,ZCTA5 94544,1810
8600000US94545,ZCTA5 94545,1908
8600000US94546,ZCTA5 94546,1777
8600000US94547,ZCTA5 94547,2201
8600000US94548,ZCTA5 94548,1629
8600000US94549,ZCTA5 94549,2230
8600000US94550,ZCTA5 94550,2058
8600000US94551,ZCTA5 94551,2096
8600000US94552,ZCTA5 94552,3073
8600000US94553,ZCTA5 94553,1722
8600000US94555,ZCTA5 94555,2561
8600000US94556,ZCTA5 94556,2128
8600000US94558,ZCTA5 94558,1765
8600000US94559,ZCTA5 94559,1646
8600000US94560,ZCTA5 94560,2277
8600000US94561,ZCTA5 94561,1694
8600000US94563,ZCTA5 94563,2813
8600000US94564,ZCTA5 94564,1828
8600000US94565,ZCTA5 94565,1672
8600000US94566,ZCTA5 94566,2287
8600000US94567,ZCTA5 94567,1600
8600000US94568,ZCTA5 94568,2675
8600000US94569,ZCTA5 94569,1864
8600000US94571,ZCTA5 94571,1267
8600000US94572,ZCTA5 94572,1406
8600000US94573,ZCTA5 94573,-
8600000US94574,ZCTA5 94574,1653
8600000US94575,ZCTA5 94575,-
8600000US94576,ZCTA5 94576,-
8600000US94577,ZCTA5 94577,1663
8600000US94578,ZCTA5 94578,1596
8600000US94579,ZCTA5 94579,1797
8600000US94580,ZCTA5 94580,1819
8600000US94582,ZCTA5 94582,2423
8600000US94583,ZCTA5 94583,2344
8600000US94585,ZCTA5 94585,1714
8600000US94586,ZCTA5 94586,1606
8600000US94587,ZCTA5 94587,2202
8600000US94588,ZCTA5 94588,2498
8600000US94589,ZCTA5 94589,1642
8600000US94590,ZCTA5 94590,1257
8600000US94591,ZCTA5 94591,1733
8600000US94592,ZCTA5 94592,2658
8600000US94595,ZCTA5 94595,1872
8600000US94596,ZCTA5 94596,2031
8600000US94597,ZCTA5 94597,2136
8600000US94598,ZCTA5 94598,2601
8600000US94599,ZCTA5 94599,1790
8600000US94601,ZCTA5 94601,1271
8600000US94602,ZCTA5 94602,1426
8600000US94603,ZCTA5 94603,1500
8600000US94605,ZCTA5 94605,1448
8600000US94606,ZCTA5 94606,1299
8600000US94607,ZCTA5 94607,1263
8600000US94608,ZCTA5 94608,2059
8600000US94609,ZCTA5 94609,1638
8600000US94610,ZCTA5 94610,1677
8600000US94611,ZCTA5 94611,1586
8600000US94612,ZCTA5 94612,1220
8600000US94613,ZCTA5 94613,-
8600000US94618,ZCTA5 94618,2164
8600000US94619,ZCTA5 94619,1492
8600000US94621,ZCTA5 94621,1274
8600000US94702,ZCTA5 94702,1460
8600000US94703,ZCTA5 94703,1816
8600000US94704,ZCTA5 94704,1711
8600000US94705,ZCTA5 94705,1713
8600000US94706,ZCTA5 94706,1858
8600000US94707,ZCTA5 94707,1938
8600000US94708,ZCTA5 94708,2642
8600000US94709,ZCTA5 94709,1769
8600000US94710,ZCTA5 94710,1714
8600000US94720,ZCTA5 94720,-
8600000US94801,ZCTA5 94801,1404
8600000US94803,ZCTA5 94803,1735
8600000US94804,ZCTA5 94804,1354
8600000US94805,ZCTA5 94805,1706
8600000US94806,ZCTA5 94806,1618
8600000US94850,ZCTA5 94850,-
8600000US94901,ZCTA5 94901,1826
8600000US94903,ZCTA5 94903,2409
8600000US94904,ZCTA5 94904,1964
8600000US94920,ZCTA5 94920,2550
8600000US94922,ZCTA5 94922,2270
8600000US94923,ZCTA5 94923,1292
8600000US94924,ZCTA5 94924,1694
8600000US94925,ZCTA5 94925,2642
8600000US94928,ZCTA5 94928,1688
8600000US94929,ZCTA5 94929,2700
8600000US94930,ZCTA5 94930,1889
8600000US94931,ZCTA5 94931,1630
8600000US94933,ZCTA5 94933,2308
8600000US94937,ZCTA5 94937,1482
8600000US94938,ZCTA5 94938,2850
8600000US94939,ZCTA5 94939,2206
8600000US94940,ZCTA5 94940,-
8600000US94941,ZCTA5 94941,2329
8600000US94945,ZCTA5 94945,2008
8600000US94946,ZCTA5 94946,1984
8600000US94947,ZCTA5 94947,1975
8600000US94949,ZCTA5 94949,2152
8600000US94950,ZCTA5 94950,-
8600000US94951,ZCTA5 94951,1494
8600000US94952,ZCTA5 94952,1730
8600000US94954,ZCTA5 94954,1877
8600000US94956,ZCTA5 94956,1755
8600000US94957,ZCTA5 94957,1938
8600000US94960,ZCTA5 94960,1964
8600000US94963,ZCTA5 94963,-
8600000US94964,ZCTA5 94964,-
8600000US94965,ZCTA5 94965,2178
8600000US94970,ZCTA5 94970,1841
8600000US94971,ZCTA5 94971,-
8600000US94972,ZCTA5 94972,-
8600000US94973,ZCTA5 94973,1349
8600000US95002,ZCTA5 95002,2071
8600000US95003,ZCTA5 95003,1994
8600000US95004,ZCTA5 95004,1642
8600000US95005,ZCTA5 95005,1806
8600000US95006,ZCTA5 95006,1543
8600000US95007,ZCTA5 95007,-
8600000US95008,ZCTA5 95008,2205
8600000US95010,ZCTA5 95010,1804
8600000US95012,ZCTA5 95012,1188
8600000US95013,ZCTA5 95013,-
8600000US95014,ZCTA5 95014,3107
8600000US95017,ZCTA5 95017,1200
8600000US95018,ZCTA5 95018,1790
8600000US95019,ZCTA5 95019,1066
8600000US95020,ZCTA5 95020,1863
8600000US95023,ZCTA5 95023,1549
8600000US95030,ZCTA5 95030,2262
8600000US95032,ZCTA5 95032,2387
8600000US95033,ZCTA5 95033,2232
8600000US95035,ZCTA5 95035,2426
8600000US95037,ZCTA5 95037,1804
8600000US95039,ZCTA5 95039,1174
8600000US95041,ZCTA5 95041,846
8600000US95043,ZCTA5 95043,1411
8600000US95045,ZCTA5 95045,1459
8600000US95046,ZCTA5 95046,1446
8600000US95050,ZCTA5 95050,2013
8600000US95051,ZCTA5 95051,2502
8600000US95053,ZCTA5 95053,-
8600000US95054,ZCTA5 95054,2762
8600000US95060,ZCTA5 95060,1890
8600000US95062,ZCTA5 95062,1717
8600000US95064,ZCTA5 95064,1669
8600000US95065,ZCTA5 95065,2167
8600000US95066,ZCTA5 95066,2080
8600000US95070,ZCTA5 95070,3098
8600000US95073,ZCTA5 95073,1825
8600000US95075,ZCTA5 95075,2150
8600000US95076,ZCTA5 95076,1485
8600000US95110,ZCTA5 95110,2134
8600000US95111,ZCTA5 95111,1579
8600000US95112,ZCTA5 95112,1692
8600000US95113,ZCTA5 95113,2709
8600000US95116,ZCTA5 95116,1631
8600000US95117,ZCTA5 95117,1949
8600000US95118,ZCTA5 95118,2039
8600000US95119,ZCTA5 95119,2472
8600000US95120,ZCTA5 95120,3495
8600000US95121,ZCTA5 95121,2113
8600000US95122,ZCTA5 95122,1851
8600000US95123,ZCTA5 95123,2525
8600000US95124,ZCTA5 95124,2326
8600000US95125,ZCTA5 95125,1926
8600000US95126,ZCTA5 95126,2021
8600000US95127,ZCTA5 95127,2009
8600000US95128,ZCTA5 95128,1907
8600000US95129,ZCTA5 95129,2325
8600000US95130,ZCTA5 95130,1865
8600000US95131,ZCTA5 95131,2480
8600000US95132,ZCTA5 95132,2655
8600000US95133,ZCTA5 95133,1621
8600000US95134,ZCTA5 95134,2901
8600000US95135,ZCTA5 95135,2511
8600000US95136,ZCTA5 95136,2300
8600000US95138,ZCTA5 95138,2709
8600000US95139,ZCTA5 95139,2776
8600000US95140,ZCTA5 95140,-
8600000US95148,ZCTA5 95148,2769
8600000US95202,ZCTA5 95202,607
8600000US95203,ZCTA5 95203,890
8600000US95204,ZCTA5 95204,1019
8600000US95205,ZCTA5 95205,1020
8600000US95206,ZCTA5 95206,1169
8600000US95207,ZCTA5 95207,1090
8600000US95209,ZCTA5 95209,1483
8600000US95210,ZCTA5 95210,1137
8600000US95211,ZCTA5 95211,-
8600000US95212,ZCTA5 95212,1711
8600000US95215,ZCTA5 95215,998
8600000US95219,ZCTA5 95219,1393
8600000US95220,ZCTA5 95220,1278
8600000US95222,ZCTA5 95222,1156
8600000US95223,ZCTA5 95223,1277
8600000US95224,ZCTA5 95224,769
8600000US95225,ZCTA5 95225,-
8600000US95226,ZCTA5 95226,-
8600000US95227,ZCTA5 95227,-
8600000US95228,ZCTA5 95228,1659
8600000US95230,ZCTA5 95230,1944
8600000US95231,ZCTA5 95231,988
8600000US95232,ZCTA5 95232,-
8600000US95233,ZCTA5 95233,-
8600000US95234,ZCTA5 95234,-
8600000US95236,ZCTA5 95236,755
8600000US95237,ZCTA5 95237,1233
8600000US95240,ZCTA5 95240,1080
8600000US95242,ZCTA5 95242,1444
8600000US95245,ZCTA5 95245,1122
8600000US95246,ZCTA5 95246,1080
8600000US95247,ZCTA5 95247,1492
8600000US95248,ZCTA5 95248,-
8600000US95249,ZCTA5 95249,1294
8600000US95250,ZCTA5 95250,-
8600000US95251,ZCTA5 95251,-
8600000US95252,ZCTA5 95252,1669
8600000US95254,ZCTA5 95254,-
8600000US95255,ZCTA5 95255,805
8600000US95257,ZCTA5 95257,1593
8600000US95258,ZCTA5 95258,1114
8600000US95301,ZCTA5 95301,980
8600000US95303,ZCTA5 95303,1027
8600000US95304,ZCTA5 95304,1629
8600000US95305,ZCTA5 95305,-
8600000US95306,ZCTA5 95306,1244
8600000US95307,ZCTA5 95307,1158
8600000US95310,ZCTA5 95310,695
8600000US95311,ZCTA5 95311,789
8600000US95312,ZCTA5 95312,-
8600000US95313,ZCTA5 95313,881
8600000US95314,ZCTA5 95314,-
8600000US95315,ZCTA5 95315,1111
8600000US95316,ZCTA5 95316,1142
8600000US95317,ZCTA5 95317,852
8600000US95318,ZCTA5 95318,660
8600000US95319,ZCTA5 95319,782
8600000US95320,ZCTA5 95320,1471
8600000US95321,ZCTA5 95321,927
8600000US95322,ZCTA5 95322,1033
8600000US95323,ZCTA5 95323,706
8600000US95324,ZCTA5 95324,1151
8600000US95325,ZCTA5 95325,-
8600000US95326,ZCTA5 95326,1586
8600000US95327,ZCTA5 95327,880
8600000US95328,ZCTA5 95328,1075
8600000US95329,ZCTA5 95329,1137
8600000US95330,ZCTA5 95330,1690
8600000US95333,ZCTA5 95333,912
8600000US95334,ZCTA5 95334,1028
8600000US95335,ZCTA5 95335,-
8600000US95336,ZCTA5 95336,1369
8600000US95337,ZCTA5 95337,1471
8600000US95338,ZCTA5 95338,923
8600000US95340,ZCTA5 95340,978
8600000US95341,ZCTA5 95341,880
8600000US95345,ZCTA5 95345,679
8600000US95346,ZCTA5 95346,1126
8600000US95348,ZCTA5 95348,1143
8600000US95350,ZCTA5 95350,1107
8600000US95351,ZCTA5 95351,1092
8600000US95354,ZCTA5 95354,1070
8600000US95355,ZCTA5 95355,1230
8600000US95356,ZCTA5 95356,1269
8600000US95357,ZCTA5 95357,1418
8600000US95358,ZCTA5 95358,1236
8600000US95360,ZCTA5 95360,1065
8600000US95361,ZCTA5 95361,1100
8600000US95363,ZCTA5 95363,1387
8600000US95364,ZCTA5 95364,-
8600000US95365,ZCTA5 95365,725
8600000US95366,ZCTA5 95366,1428
8600000US95367,ZCTA5 95367,1192
8600000US95368,ZCTA5 95368,1570
8600000US95369,ZCTA5 95369,713
8600000US95370,ZCTA5 95370,1031
8600000US95372,ZCTA5 95372,-
8600000US95374,ZCTA5 95374,1076
8600000US95375,ZCTA5 95375,-
8600000US95376,ZCTA5 95376,1629
8600000US95377,ZCTA5 95377,2215
8600000US95379,ZCTA5 95379,679
8600000US95380,ZCTA5 95380,1010
8600000US95382,ZCTA5 95382,1316
8600000US95383,ZCTA5 95383,1373
8600000US95385,ZCTA5 95385,-
8600000US95386,ZCTA5 95386,1135
8600000US95387,ZCTA5 95387,-
8600000US95388,ZCTA5 95388,850
8600000US95389,ZCTA5 95389,-
8600000US95391,ZCTA5 95391,2460
8600000US95401,ZCTA5 95401,1496
8600000US95403,ZCTA5 95403,1642
8600000US95404,ZCTA5 95404,1520
8600000US95405,ZCTA5 95405,1818
8600000US95407,ZCTA5 95407,1472
8600000US95409,ZCTA5 95409,1825
8600000US95410,ZCTA5 95410,1393
8600000US95412,ZCTA5 95412,-
8600000US95415,ZCTA5 95415,1015
8600000US95417,ZCTA5 95417,-
8600000US95420,ZCTA5 95420,-
8600000US95421,ZCTA5 95421,936
8600000US95422,ZCTA5 95422,867
8600000US95423,ZCTA5 95423,1025
8600000US95425,ZCTA5 95425,1390
8600000US95426,ZCTA5 95426,-
8600000US95427,ZCTA5 95427,734
8600000US95428,ZCTA5 95428,828
8600000US95429,ZCTA5 95429,-
8600000US95430,ZCTA5 95430,-
8600000US95431,ZCTA5 95431,-
8600000US95432,ZCTA5 95432,1654
8600000US95435,ZCTA5 95435,-
8600000US95436,ZCTA5 95436,1357
8600000US95437,ZCTA5 95437,1111
8600000US95439,ZCTA5 95439,-
8600000US95441,ZCTA5 95441,1366
8600000US95442,ZCTA5 95442,1470
8600000US95443,ZCTA5 95443,855
8600000US95444,ZCTA5 95444,-
8600000US95445,ZCTA5 95445,1724
8600000US95446,ZCTA5 95446,1210
8600000US95448,ZCTA5 95448,1687
8600000US95449,ZCTA5 95449,1185
8600000US95450,ZCTA5 95450,1109
8600000US95451,ZCTA5 95451,1255
8600000US95452,ZCTA5 95452,-
8600000US95453,ZCTA5 95453,887
8600000US95454,ZCTA5 95454,442
8600000US95456,ZCTA5 95456,1375
8600000US95457,ZCTA5 95457,861
8600000US95458,ZCTA5 95458,822
8600000US95459,ZCTA5 95459,-
8600000US95460,ZCTA5 95460,1211
8600000US95461,ZCTA5 95461,1028
8600000US95462,ZCTA5 95462,981
8600000US95463,ZCTA5 95463,-
8600000US95464,ZCTA5 95464,1054
8600000US95465,ZCTA5 95465,2090
8600000US95466,ZCTA5 95466,890
8600000US95467,ZCTA5 95467,1623
8600000US95468,ZCTA5 95468,949
8600000US95469,ZCTA5 95469,1432
8600000US95470,ZCTA5 95470,1283
8600000US95471,ZCTA5 95471,1405
8600000US95472,ZCTA5 95472,1499
8600000US95476,ZCTA5 95476,1641
8600000US95482,ZCTA5 95482,1172
8600000US95485,ZCTA5 95485,981
8600000US95486,ZCTA5 95486,-
8600000US95488,ZCTA5 95488,-
8600000US95490,ZCTA5 95490,1118
8600000US95492,ZCTA5 95492,1764
8600000US95493,ZCTA5 95493,-
8600000US95494,ZCTA5 95494,-
8600000US95497,ZCTA5 95497,1413
8600000US95501,ZCTA5 95501,913
8600000US95503,ZCTA5 95503,1081
8600000US95511,ZCTA5 95511,-
8600000US95514,ZCTA5 95514,-
8600000US95519,ZCTA5 95519,970
8600000US95521,ZCTA5 95521,1025
8600000US95524,ZCTA5 95524,1141
8600000US95525,ZCTA5 95525,1172
8600000US95526,ZCTA5 95526,704
8600000US95527,ZCTA5 95527,778
8600000US95528,ZCTA5 95528,1137
8600000US95531,ZCTA5 95531,889
8600000US95536,ZCTA5 95536,1142
8600000US95537,ZCTA5 95537,-
8600000US95540,ZCTA5 95540,907
8600000US95542,ZCTA5 95542,945
8600000US95543,ZCTA5 95543,733
8600000US95545,ZCTA5 95545,-
8600000US95546,ZCTA5 95546,519
8600000US95547,ZCTA5 95547,994
8600000US95548,ZCTA5 95548,800
8600000US95549,ZCTA5 95549,1603
8600000US95550,ZCTA5 95550,1728
8600000US95551,ZCTA5 95551,875
8600000US95552,ZCTA5 95552,-
8600000US95553,ZCTA5 95553,976
8600000US95554,ZCTA5 95554,-
8600000US95555,ZCTA5 95555,782
8600000US95556,ZCTA5 95556,472
8600000US95558,ZCTA5 95558,700
8600000US95559,ZCTA5 95559,-
8600000US95560,ZCTA5 95560,1129
8600000US95562,ZCTA5 95562,902
8600000US95563,ZCTA5 95563,943
8600000US95564,ZCTA5 95564,1125
8600000US95565,ZCTA5 95565,1127
8600000US95567,ZCTA5 95567,723
8600000US95568,ZCTA5 95568,858
8600000US95569,ZCTA5 95569,-
8600000US95570,ZCTA5 95570,1160
8600000US95571,ZCTA5 95571,-
8600000US95573,ZCTA5 95573,1004
8600000US95585,ZCTA5 95585,988
8600000US95587,ZCTA5 95587,-
8600000US95589,ZCTA5 95589,2023
8600000US95595,ZCTA5 95595,-
8600000US95601,ZCTA5 95601,850
8600000US95602,ZCTA5 95602,1277
8600000US95603,ZCTA5 95603,1200
8600000US95604,ZCTA5 95604,-
8600000US95605,ZCTA5 95605,924
8600000US95606,ZCTA5 95606,987
8600000US95607,ZCTA5 95607,-
8600000US95608,ZCTA5 95608,1148
8600000US95610,ZCTA5 95610,1247
8600000US95612,ZCTA5 95612,1500
8600000US95614,ZCTA5 95614,2019
8600000US95615,ZCTA5 95615,866
8600000US95616,ZCTA5 95616,1483
8600000US95618,ZCTA5 95618,1715
8600000US95619,ZCTA5 95619,1544
8600000US95620,ZCTA5 95620,1435
8600000US95621,ZCTA5 95621,1285
8600000US95623,ZCTA5 95623,1242
8600000US95624,ZCTA5 95624,1556
8600000US95625,ZCTA5 95625,1172
8600000US95626,ZCTA5 95626,1497
8600000US95627,ZCTA5 95627,1269
8600000US95628,ZCTA5 95628,1386
8600000US95629,ZCTA5 95629,978
8600000US95630,ZCTA5 95630,1710
8600000US95631,ZCTA5 95631,899
8600000US95632,ZCTA5 95632,1250
8600000US95633,ZCTA5 95633,1705
8600000US95634,ZCTA5 95634,1379
8600000US95635,ZCTA5 95635,-
8600000US95636,ZCTA5 95636,-
8600000US95637,ZCTA5 95637,-
8600000US95638,ZCTA5 95638,1337
8600000US95639,ZCTA5 95639,1653
8600000US95640,ZCTA5 95640,1150
8600000US95641,ZCTA5 95641,827
8600000US95642,ZCTA5 95642,1024
8600000US95645,ZCTA5 95645,857
8600000US95646,ZCTA5 95646,-
8600000US95648,ZCTA5 95648,1776
8600000US95650,ZCTA5 95650,1626
8600000US95651,ZCTA5 95651,-
8600000US95652,ZCTA5 95652,1268
8600000US95653,ZCTA5 95653,-
8600000US95655,ZCTA5 95655,-
8600000US95658,ZCTA5 95658,1403
8600000US95659,ZCTA5 95659,1055
8600000US95660,ZCTA5 95660,1161
8600000US95661,ZCTA5 95661,1520
8600000US95662,ZCTA5 95662,1445
8600000US95663,ZCTA5 95663,1581
8600000US95664,ZCTA5 95664,1750
8600000US95665,ZCTA5 95665,1421
8600000US95666,ZCTA5 95666,1111
8600000US95667,ZCTA5 95667,1166
8600000US95668,ZCTA5 95668,1825
8600000US95669,ZCTA5 95669,1190
8600000US95670,ZCTA5 95670,1217
8600000US95672,ZCTA5 95672,1732
8600000US95673,ZCTA5 95673,1302
8600000US95674,ZCTA5 95674,933
8600000US95675,ZCTA5 95675,-
8600000US95677,ZCTA5 95677,1540
8600000US95678,ZCTA5 95678,1563
8600000US95679,ZCTA5 95679,-
8600000US95680,ZCTA5 95680,-
8600000US95681,ZCTA5 95681,-
8600000US95682,ZCTA5 95682,1340
8600000US95683,ZCTA5 95683,2020
8600000US95684,ZCTA5 95684,1367
8600000US95685,ZCTA5 95685,1055
8600000US95686,ZCTA5 95686,790
8600000US95687,ZCTA5 95687,1679
8600000US95688,ZCTA5 95688,1480
8600000US95689,ZCTA5 95689,-
8600000US95690,ZCTA5 95690,930
8600000US95691,ZCTA5 95691,1125
8600000US95692,ZCTA5 95692,1353
8600000US95693,ZCTA5 95693,1459
8600000US95694,ZCTA5 95694,1204
8600000US95695,ZCTA5 95695,1162
8600000US95697,ZCTA5 95697,-
8600000US95698,ZCTA5 95698,-
8600000US95699,ZCTA5 95699,-
8600000US95701,ZCTA5 95701,1375
8600000US95703,ZCTA5 95703,1685
8600000US95709,ZCTA5 95709,1256
8600000US95713,ZCTA5 95713,1311
8600000US95714,ZCTA5 95714,955
8600000US95715,ZCTA5 95715,-
8600000US95717,ZCTA5 95717,708
8600000US95720,ZCTA5 95720,-
8600000US95721,ZCTA5 95721,-
8600000US95722,ZCTA5 95722,1596
8600000US95724,ZCTA5 95724,-
8600000US95726,ZCTA5 95726,1207
8600000US95728,ZCTA5 95728,-
8600000US95735,ZCTA5 95735,-
8600000US95736,ZCTA5 95736,532
8600000US95742,ZCTA5 95742,2233
8600000US95746,ZCTA5 95746,2166
8600000US95747,ZCTA5 95747,1745
8600000US95757,ZCTA5 95757,1932
8600000US95758,ZCTA5 95758,1659
8600000US95762,ZCTA5 95762,1977
8600000US95765,ZCTA5 95765,1751
8600000US95776,ZCTA5 95776,1258
8600000US95811,ZCTA5 95811,1050
8600000US95814,ZCTA5 95814,917
8600000US95815,ZCTA5 95815,1031
8600000US95816,ZCTA5 95816,1145
8600000US95817,ZCTA5 95817,1022
8600000US95818,ZCTA5 95818,1117
8600000US95819,ZCTA5 95819,1561
8600000US95820,ZCTA5 95820,1183
8600000US95821,ZCTA5 95821,988
8600000US95822,ZCTA5 95822,1187
8600000US95823,ZCTA5 95823,1164
8600000US95824,ZCTA5 95824,1006
8600000US95825,ZCTA5 95825,1100
8600000US95826,ZCTA5 95826,1307
8600000US95827,ZCTA5 95827,1312
8600000US95828,ZCTA5 95828,1319
8600000US95829,ZCTA5 95829,1562
8600000US95830,ZCTA5 95830,-
8600000US95831,ZCTA5 95831,1389
8600000US95832,ZCTA5 95832,1485
8600000US95833,ZCTA5 95833,1394
8600000US95834,ZCTA5 95834,1369
8600000US95835,ZCTA5 95835,1777
8600000US95837,ZCTA5 95837,-
8600000US95838,ZCTA5 95838,1230
8600000US95841,ZCTA5 95841,1115
8600000US95842,ZCTA5 95842,1202
8600000US95843,ZCTA5 95843,1619
8600000US95864,ZCTA5 95864,1436
8600000US95901,ZCTA5 95901,952
8600000US95903,ZCTA5 95903,1986
8600000US95910,ZCTA5 95910,-
8600000US95912,ZCTA5 95912,865
8600000US95914,ZCTA5 95914,957
8600000US95915,ZCTA5 95915,-
8600000US95916,ZCTA5 95916,788
8600000US95917,ZCTA5 95917,1071
8600000US95918,ZCTA5 95918,1123
8600000US95919,ZCTA5 95919,1101
8600000US95920,ZCTA5 95920,577
8600000US95922,ZCTA5 95922,1325
8600000US95923,ZCTA5 95923,-
8600000US95925,ZCTA5 95925,-
8600000US95926,ZCTA5 95926,1068
8600000US95928,ZCTA5 95928,1120
8600000US95930,ZCTA5 95930,-
8600000US95932,ZCTA5 95932,860
8600000US95934,ZCTA5 95934,-
8600000US95935,ZCTA5 95935,-
8600000US95936,ZCTA5 95936,-
8600000US95937,ZCTA5 95937,987
8600000US95938,ZCTA5 95938,1385
8600000US95939,ZCTA5 95939,582
8600000US95941,ZCTA5 95941,-
8600000US95942,ZCTA5 95942,-
8600000US95943,ZCTA5 95943,925
8600000US95944,ZCTA5 95944,-
8600000US95945,ZCTA5 95945,1118
8600000US95946,ZCTA5 95946,1655
8600000US95947,ZCTA5 95947,686
8600000US95948,ZCTA5 95948,902
8600000US95949,ZCTA5 95949,1616
8600000US95950,ZCTA5 95950,872
8600000US95951,ZCTA5 95951,697
8600000US95953,ZCTA5 95953,936
8600000US95954,ZCTA5 95954,1050
8600000US95955,ZCTA5 95955,903
8600000US95956,ZCTA5 95956,-
8600000US95957,ZCTA5 95957,855
8600000US95959,ZCTA5 95959,1279
8600000US95960,ZCTA5 95960,1140
8600000US95961,ZCTA5 95961,985
8600000US95962,ZCTA5 95962,1300
8600000US95963,ZCTA5 95963,912
8600000US95965,ZCTA5 95965,851
8600000US95966,ZCTA5 95966,968
8600000US95968,ZCTA5 95968,708
8600000US95969,ZCTA5 95969,1079
8600000US95970,ZCTA5 95970,1027
8600000US95971,ZCTA5 95971,997
8600000US95973,ZCTA5 95973,1141
8600000US95974,ZCTA5 95974,-
8600000US95975,ZCTA5 95975,-
8600000US95977,ZCTA5 95977,1415
8600000US95978,ZCTA5 95978,581
8600000US95979,ZCTA5 95979,757
8600000US95981,ZCTA5 95981,-
8600000US95982,ZCTA5 95982,1152
8600000US95983,ZCTA5 95983,-
8600000US95984,ZCTA5 95984,-
8600000US95986,ZCTA5 95986,-
8600000US95987,ZCTA5 95987,955
8600000US95988,ZCTA5 95988,786
8600000US95991,ZCTA5 95991,988
8600000US95993,ZCTA5 95993,1180
8600000US96001,ZCTA5 96001,982
8600000US96002,ZCTA5 96002,993
8600000US96003,ZCTA5 96003,1165
8600000US96006,ZCTA5 96006,-
8600000US96007,ZCTA5 96007,935
8600000US96008,ZCTA5 96008,793
8600000US96009,ZCTA5 96009,873
8600000US96010,ZCTA5 96010,-
8600000US96011,ZCTA5 96011,658
8600000US96013,ZCTA5 96013,772
8600000US96014,ZCTA5 96014,-
8600000US96015,ZCTA5 96015,-
8600000US96016,ZCTA5 96016,945
8600000US96017,ZCTA5 96017,940
8600000US96019,ZCTA5 96019,1116
8600000US96020,ZCTA5 96020,691
8600000US96021,ZCTA5 96021,845
8600000US96022,ZCTA5 96022,892
8600000US96023,ZCTA5 96023,665
8600000US96024,ZCTA5 96024,1074
8600000US96025,ZCTA5 96025,891
8600000US96027,ZCTA5 96027,918
8600000US96028,ZCTA5 96028,656
8600000US96029,ZCTA5 96029,850
8600000US96031,ZCTA5 96031,-
8600000US96032,ZCTA5 96032,821
8600000US96033,ZCTA5 96033,1104
8600000US96034,ZCTA5 96034,846
8600000US96035,ZCTA5 96035,793
8600000US96037,ZCTA5 96037,-
8600000US96038,ZCTA5 96038,770
8600000US96039,ZCTA5 96039,705
8600000US96040,ZCTA5 96040,-
8600000US96041,ZCTA5 96041,669
8600000US96044,ZCTA5 96044,783
8600000US96046,ZCTA5 96046,-
8600000US96047,ZCTA5 96047,768
8600000US96048,ZCTA5 96048,690
8600000US96049,ZCTA5 96049,-
8600000US96050,ZCTA5 96050,468
8600000US96051,ZCTA5 96051,1092
8600000US96052,ZCTA5 96052,788
8600000US96054,ZCTA5 96054,-
8600000US96055,ZCTA5 96055,853
8600000US96056,ZCTA5 96056,634
8600000US96057,ZCTA5 96057,884
8600000US96058,ZCTA5 96058,656
8600000US96059,ZCTA5 96059,692
8600000US96061,ZCTA5 96061,-
8600000US96062,ZCTA5 96062,1018
8600000US96063,ZCTA5 96063,841
8600000US96064,ZCTA5 96064,811
8600000US96065,ZCTA5 96065,700
8600000US96067,ZCTA5 96067,1097
8600000US96068,ZCTA5 96068,-
8600000US96069,ZCTA5 96069,1266
8600000US96071,ZCTA5 96071,-
8600000US96073,ZCTA5 96073,2150
8600000US96074,ZCTA5 96074,863
8600000US96075,ZCTA5 96075,-
8600000US96076,ZCTA5 96076,-
8600000US96080,ZCTA5 96080,916
8600000US96084,ZCTA5 96084,-
8600000US96085,ZCTA5 96085,-
8600000US96086,ZCTA5 96086,825
8600000US96087,ZCTA5 96087,-
8600000US96088,ZCTA5 96088,1417
8600000US96090,ZCTA5 96090,794
8600000US96091,ZCTA5 96091,795
8600000US96092,ZCTA5 96092,-
8600000US96093,ZCTA5 96093,779
8600000US96094,ZCTA5 96094,917
8600000US96096,ZCTA5 96096,857
8600000US96097,ZCTA5 96097,807
8600000US96101,ZCTA5 96101,749
8600000US96103,ZCTA5 96103,1122
8600000US96104,ZCTA5 96104,595
8600000US96105,ZCTA5 96105,-
8600000US96106,ZCTA5 96106,946
8600000US96107,ZCTA5 96107,866
8600000US96108,ZCTA5 96108,-
8600000US96109,ZCTA5 96109,699
8600000US96110,ZCTA5 96110,-
8600000US96111,ZCTA5 96111,-
8600000US96112,ZCTA5 96112,315
8600000US96113,ZCTA5 96113,890
8600000US96114,ZCTA5 96114,1302
8600000US96115,ZCTA5 96115,-
8600000US96116,ZCTA5 96116,-
8600000US96117,ZCTA5 96117,-
8600000US96118,ZCTA5 96118,933
8600000US96119,ZCTA5 96119,-
8600000US96120,ZCTA5 96120,675
8600000US96121,ZCTA5 96121,-
8600000US96122,ZCTA5 96122,734
8600000US96123,ZCTA5 96123,-
8600000US96124,ZCTA5 96124,-
8600000US96125,ZCTA5 96125,-
8600000US96126,ZCTA5 96126,-
8600000US96128,ZCTA5 96128,-
8600000US96129,ZCTA5 96129,-
8600000US96130,ZCTA5 96130,985
8600000US96132,ZCTA5 96132,-
8600000US96133,ZCTA5 96133,-
8600000US96134,ZCTA5 96134,659
8600000US96135,ZCTA5 96135,-
8600000US96136,ZCTA5 96136,-
8600000US96137,ZCTA5 96137,850
8600000US96140,ZCTA5 96140,1490
8600000US96141,ZCTA5 96141,-
8600000US96142,ZCTA5 96142,1388
8600000US96143,ZCTA5 96143,1191
8600000US96145,ZCTA5 96145,1054
8600000US96146,ZCTA5 96146,1492
8600000US96148,ZCTA5 96148,1625
8600000US96150,ZCTA5 96150,1049
8600000US96155,ZCTA5 96155,-
8600000US96161,ZCTA5 96161,1735
8600000US97635,ZCTA5 97635,-