id,Geographic Area Name,Total,Median income,Mean income
8600000US90001,ZCTA5 90001,13669,45360,55670
8600000US90002,ZCTA5 90002,12917,40222,51981
8600000US90003,ZCTA5 90003,17484,42333,52607
8600000US90004,ZCTA5 90004,22004,51104,92019
8600000US90005,ZCTA5 90005,16781,44586,62601
8600000US90006,ZCTA5 90006,19337,36757,50711
8600000US90007,ZCTA5 90007,11919,39002,76034
8600000US90008,ZCTA5 90008,14858,61955,87861
8600000US90010,ZCTA5 90010,2029,67700,101140
8600000US90011,ZCTA5 90011,24433,39061,50826
8600000US90012,ZCTA5 90012,13216,49600,78610
8600000US90013,ZCTA5 90013,7308,105139,149644
8600000US90014,ZCTA5 90014,5644,96496,98836
8600000US90015,ZCTA5 90015,10270,43042,83495
8600000US90016,ZCTA5 90016,17218,58120,73993
8600000US90017,ZCTA5 90017,11510,32444,64859
8600000US90018,ZCTA5 90018,16568,53845,75233
8600000US90019,ZCTA5 90019,24464,65283,94502
8600000US90020,ZCTA5 90020,16396,52173,93888
8600000US90021,ZCTA5 90021,1734,58393,88223
8600000US90022,ZCTA5 90022,17603,49667,62481
8600000US90023,ZCTA5 90023,11691,44856,56397
8600000US90024,ZCTA5 90024,16515,133385,244471
8600000US90025,ZCTA5 90025,22015,113942,154944
8600000US90026,ZCTA5 90026,26045,64363,97599
8600000US90027,ZCTA5 90027,21668,83174,142997
8600000US90028,ZCTA5 90028,16403,49883,77804
8600000US90029,ZCTA5 90029,13997,44118,67622
8600000US90031,ZCTA5 90031,11739,49530,71942
8600000US90032,ZCTA5 90032,13493,60231,78665
8600000US90033,ZCTA5 90033,13303,39649,51172
8600000US90034,ZCTA5 90034,25248,91147,125149
8600000US90035,ZCTA5 90035,11816,122723,182506
8600000US90036,ZCTA5 90036,18559,112065,163578
8600000US90037,ZCTA5 90037,17699,39212,52840
8600000US90038,ZCTA5 90038,12229,49426,68025
8600000US90039,ZCTA5 90039,11685,103418,141361
8600000US90040,ZCTA5 90040,3461,54272,67187
8600000US90041,ZCTA5 90041,9661,102171,125256
8600000US90042,ZCTA5 90042,21017,67849,91548
8600000US90043,ZCTA5 90043,17376,71725,95398
8600000US90044,ZCTA5 90044,29029,44132,57921
8600000US90045,ZCTA5 90045,15622,145608,176556
8600000US90046,ZCTA5 90046,29025,119615,172768
8600000US90047,ZCTA5 90047,17893,65897,80193
8600000US90048,ZCTA5 90048,11636,135727,207712
8600000US90049,ZCTA5 90049,16720,194737,329638
8600000US90056,ZCTA5 90056,3412,136614,172281
8600000US90057,ZCTA5 90057,17298,37853,49464
8600000US90058,ZCTA5 90058,706,21607,37294
8600000US90059,ZCTA5 90059,10906,48692,61673
8600000US90061,ZCTA5 90061,7396,48781,61613
8600000US90062,ZCTA5 90062,10063,56122,71737
8600000US90063,ZCTA5 90063,13686,52748,64720
8600000US90064,ZCTA5 90064,11083,163258,228087
8600000US90065,ZCTA5 90065,15414,76479,105077
8600000US90066,ZCTA5 90066,25785,102004,144835
8600000US90067,ZCTA5 90067,1421,176375,264894
8600000US90068,ZCTA5 90068,11316,161250,249249
8600000US90069,ZCTA5 90069,12488,128958,199288
8600000US90071,ZCTA5 90071,119,-,N
8600000US90073,ZCTA5 90073,0,-,-
8600000US90077,ZCTA5 90077,3173,"250,000+",376043
8600000US90079,ZCTA5 90079,0,-,-
8600000US90089,ZCTA5 90089,9,-,N
8600000US90090,ZCTA5 90090,0,-,-
8600000US90094,ZCTA5 90094,4361,235017,277213
8600000US90095,ZCTA5 90095,0,-,-
8600000US90201,ZCTA5 90201,24464,44045,53477
8600000US90210,ZCTA5 90210,7936,190634,345522
8600000US90211,ZCTA5 90211,3661,147794,239301
8600000US90212,ZCTA5 90212,5887,138355,205404
8600000US90220,ZCTA5 90220,13206,59168,68163
8600000US90221,ZCTA5 90221,12144,51704,63168
8600000US90222,ZCTA5 90222,7979,55503,65290
8600000US90230,ZCTA5 90230,13327,115920,143789
8600000US90232,ZCTA5 90232,6598,124247,174119
8600000US90240,ZCTA5 90240,7544,89077,115912
8600000US90241,ZCTA5 90241,13176,78084,92492
8600000US90242,ZCTA5 90242,12325,74983,88821
8600000US90245,ZCTA5 90245,6417,131875,163644
8600000US90247,ZCTA5 90247,16001,64224,78211
8600000US90248,ZCTA5 90248,3777,74306,94740
8600000US90249,ZCTA5 90249,8826,73405,88479
8600000US90250,ZCTA5 90250,31905,63458,81987
8600000US90254,ZCTA5 90254,8956,196654,267969
8600000US90255,ZCTA5 90255,18577,46983,59220
8600000US90260,ZCTA5 90260,10532,67398,82193
8600000US90262,ZCTA5 90262,15374,54599,68131
8600000US90263,ZCTA5 90263,0,-,-
8600000US90265,ZCTA5 90265,7391,195109,303804
8600000US90266,ZCTA5 90266,13427,189578,297489
8600000US90270,ZCTA5 90270,6684,46116,60070
8600000US90272,ZCTA5 90272,8724,"250,000+",413501
8600000US90274,ZCTA5 90274,9153,203690,285618
8600000US90275,ZCTA5 90275,15544,163693,203964
8600000US90277,ZCTA5 90277,15844,133801,181264
8600000US90278,ZCTA5 90278,15312,144748,171741
8600000US90280,ZCTA5 90280,24071,53006,65879
8600000US90290,ZCTA5 90290,2275,148063,186651
8600000US90291,ZCTA5 90291,13692,138032,201658
8600000US90292,ZCTA5 90292,12606,140106,180280
8600000US90293,ZCTA5 90293,6604,126955,187420
8600000US90301,ZCTA5 90301,12046,53419,68976
8600000US90302,ZCTA5 90302,10636,55565,69845
8600000US90303,ZCTA5 90303,7048,60428,77107
8600000US90304,ZCTA5 90304,6583,50172,62153
8600000US90305,ZCTA5 90305,5814,96496,112476
8600000US90401,ZCTA5 90401,4603,116369,157651
8600000US90402,ZCTA5 90402,4999,217232,420634
8600000US90403,ZCTA5 90403,12739,143862,202728
8600000US90404,ZCTA5 90404,9957,96833,141809
8600000US90405,ZCTA5 90405,13943,130284,187191
8600000US90501,ZCTA5 90501,14242,79604,99578
8600000US90502,ZCTA5 90502,5975,90143,106919
8600000US90503,ZCTA5 90503,16647,116740,132490
8600000US90504,ZCTA5 90504,11685,105957,124297
8600000US90505,ZCTA5 90505,13992,116789,141591
8600000US90506,ZCTA5 90506,0,-,-
8600000US90601,ZCTA5 90601,10981,91989,106200
8600000US90602,ZCTA5 90602,7643,63455,81830
8600000US90603,ZCTA5 90603,6661,114134,128705
8600000US90604,ZCTA5 90604,12432,81419,97017
8600000US90605,ZCTA5 90605,10382,81225,101218
8600000US90606,ZCTA5 90606,8996,80244,91800
8600000US90620,ZCTA5 90620,13142,96737,114363
8600000US90621,ZCTA5 90621,10366,68410,86538
8600000US90623,ZCTA5 90623,4845,126202,136401
8600000US90630,ZCTA5 90630,15804,102230,124701
8600000US90631,ZCTA5 90631,21229,86935,111761
8600000US90638,ZCTA5 90638,14350,103198,117964
8600000US90640,ZCTA5 90640,18898,62265,79352
8600000US90650,ZCTA5 90650,26964,75219,85891
8600000US90660,ZCTA5 90660,16852,73010,86879
8600000US90670,ZCTA5 90670,4862,82614,93883
8600000US90680,ZCTA5 90680,9037,64877,79916
8600000US90701,ZCTA5 90701,4468,70625,88513
8600000US90703,ZCTA5 90703,15515,113282,132560
8600000US90704,ZCTA5 90704,1553,80583,102487
8600000US90706,ZCTA5 90706,23240,65840,83307
8600000US90710,ZCTA5 90710,9230,69722,88850
8600000US90712,ZCTA5 90712,10338,106940,118463
8600000US90713,ZCTA5 90713,9111,113007,122800
8600000US90715,ZCTA5 90715,6018,81656,94554
8600000US90716,ZCTA5 90716,3670,54628,60788
8600000US90717,ZCTA5 90717,8477,89241,108359
8600000US90720,ZCTA5 90720,7843,126031,154399
8600000US90723,ZCTA5 90723,14207,58605,66336
8600000US90731,ZCTA5 90731,22695,62705,89498
8600000US90732,ZCTA5 90732,8810,122765,139066
8600000US90740,ZCTA5 90740,12550,111419,153326
8600000US90742,ZCTA5 90742,379,98125,160060
8600000US90743,ZCTA5 90743,110,155250,156542
8600000US90744,ZCTA5 90744,14788,52391,68362
8600000US90745,ZCTA5 90745,14936,84052,101944
8600000US90746,ZCTA5 90746,8205,103709,118462
8600000US90747,ZCTA5 90747,0,-,-
8600000US90755,ZCTA5 90755,4743,83268,109255
8600000US90802,ZCTA5 90802,20756,63431,87827
8600000US90803,ZCTA5 90803,16718,128663,169478
8600000US90804,ZCTA5 90804,14955,52860,73762
8600000US90805,ZCTA5 90805,27354,52756,66384
8600000US90806,ZCTA5 90806,12788,56471,74147
8600000US90807,ZCTA5 90807,12741,94895,126313
8600000US90808,ZCTA5 90808,13916,128413,147999
8600000US90810,ZCTA5 90810,9400,63193,80674
8600000US90813,ZCTA5 90813,17192,39407,51745
8600000US90814,ZCTA5 90814,9165,95795,126730
8600000US90815,ZCTA5 90815,14556,116786,142218
8600000US90822,ZCTA5 90822,0,-,-
8600000US90831,ZCTA5 90831,0,-,-
8600000US91001,ZCTA5 91001,12669,109270,154879
8600000US91006,ZCTA5 91006,10575,109785,145364
8600000US91007,ZCTA5 91007,11657,100194,129066
8600000US91008,ZCTA5 91008,426,146563,207729
8600000US91010,ZCTA5 91010,8060,93343,110766
8600000US91011,ZCTA5 91011,6434,197891,276590
8600000US91016,ZCTA5 91016,14318,87990,111110
8600000US91020,ZCTA5 91020,3524,90947,102352
8600000US91024,ZCTA5 91024,4664,129331,174691
8600000US91030,ZCTA5 91030,9815,133077,190212
8600000US91040,ZCTA5 91040,7339,101866,116525
8600000US91042,ZCTA5 91042,9961,77164,91708
8600000US91046,ZCTA5 91046,95,-,44398
8600000US91101,ZCTA5 91101,10739,89479,109911
8600000US91103,ZCTA5 91103,8515,78405,133401
8600000US91104,ZCTA5 91104,13164,95171,126174
8600000US91105,ZCTA5 91105,5505,161094,217086
8600000US91106,ZCTA5 91106,10665,107000,153394
8600000US91107,ZCTA5 91107,12466,119564,161648
8600000US91108,ZCTA5 91108,4582,183272,250632
8600000US91201,ZCTA5 91201,8309,72223,104825
8600000US91202,ZCTA5 91202,8903,94431,119563
8600000US91203,ZCTA5 91203,6110,67353,89207
8600000US91204,ZCTA5 91204,6485,49882,69910
8600000US91205,ZCTA5 91205,14382,52857,74676
8600000US91206,ZCTA5 91206,13372,84417,108279
8600000US91207,ZCTA5 91207,4081,104667,161136
8600000US91208,ZCTA5 91208,5855,137420,179921
8600000US91210,ZCTA5 91210,228,145417,166599
8600000US91214,ZCTA5 91214,10357,121814,141157
8600000US91301,ZCTA5 91301,9295,146599,208467
8600000US91302,ZCTA5 91302,9488,155714,254988
8600000US91303,ZCTA5 91303,10097,64744,81839
8600000US91304,ZCTA5 91304,17508,76358,106006
8600000US91306,ZCTA5 91306,14654,76824,93032
8600000US91307,ZCTA5 91307,8650,134989,161763
8600000US91311,ZCTA5 91311,14283,100405,130403
8600000US91316,ZCTA5 91316,12409,95287,138046
8600000US91320,ZCTA5 91320,14971,135067,164008
8600000US91321,ZCTA5 91321,10781,86867,105336
8600000US91324,ZCTA5 91324,10012,101493,116882
8600000US91325,ZCTA5 91325,11920,90128,119822
8600000US91326,ZCTA5 91326,12778,131485,163590
8600000US91330,ZCTA5 91330,0,-,-
8600000US91331,ZCTA5 91331,23447,66043,80598
8600000US91335,ZCTA5 91335,24391,68786,88359
8600000US91340,ZCTA5 91340,8886,62787,78414
8600000US91342,ZCTA5 91342,25121,77981,91666
8600000US91343,ZCTA5 91343,18035,71538,89766
8600000US91344,ZCTA5 91344,17037,105898,127706
8600000US91345,ZCTA5 91345,5402,91338,102130
8600000US91350,ZCTA5 91350,11402,128673,139531
8600000US91351,ZCTA5 91351,10076,88133,104932
8600000US91352,ZCTA5 91352,12436,61976,78771
8600000US91354,ZCTA5 91354,10444,138536,162264
8600000US91355,ZCTA5 91355,11709,117545,134189
8600000US91356,ZCTA5 91356,11802,103182,154634
8600000US91360,ZCTA5 91360,14955,121900,142751
8600000US91361,ZCTA5 91361,8556,158030,231969
8600000US91362,ZCTA5 91362,13519,153711,191834
8600000US91364,ZCTA5 91364,10648,131076,171693
8600000US91367,ZCTA5 91367,18433,117839,150891
8600000US91371,ZCTA5 91371,0,-,-
8600000US91377,ZCTA5 91377,5303,152223,195500
8600000US91381,ZCTA5 91381,6554,162039,184331
8600000US91384,ZCTA5 91384,7091,121132,135846
8600000US91387,ZCTA5 91387,12815,106449,125977
8600000US91390,ZCTA5 91390,6000,136657,153185
8600000US91401,ZCTA5 91401,14933,62889,92807
8600000US91402,ZCTA5 91402,19839,47856,62836
8600000US91403,ZCTA5 91403,11400,142850,202942
8600000US91405,ZCTA5 91405,18246,50182,67515
8600000US91406,ZCTA5 91406,18398,65430,83592
8600000US91411,ZCTA5 91411,9493,63847,86987
8600000US91423,ZCTA5 91423,15085,128369,191848
8600000US91436,ZCTA5 91436,5600,216268,287868
8600000US91501,ZCTA5 91501,8057,79643,110533
8600000US91502,ZCTA5 91502,5071,53864,69783
8600000US91504,ZCTA5 91504,9387,98922,138492
8600000US91505,ZCTA5 91505,12902,114949,140237
8600000US91506,ZCTA5 91506,7522,110449,133902
8600000US91601,ZCTA5 91601,16710,62875,93630
8600000US91602,ZCTA5 91602,9813,114259,147577
8600000US91604,ZCTA5 91604,14641,156275,224527
8600000US91605,ZCTA5 91605,16271,56429,76212
8600000US91606,ZCTA5 91606,15401,59050,78113
8600000US91607,ZCTA5 91607,13607,85633,117069
8600000US91608,ZCTA5 91608,10,-,-
8600000US91701,ZCTA5 91701,13060,110728,127569
8600000US91702,ZCTA5 91702,15502,70367,86648
8600000US91706,ZCTA5 91706,18328,68446,79602
8600000US91708,ZCTA5 91708,727,86283,89532
8600000US91709,ZCTA5 91709,25289,112223,130892
8600000US91710,ZCTA5 91710,22758,88251,103741
8600000US91711,ZCTA5 91711,11997,128383,152763
8600000US91722,ZCTA5 91722,9841,85856,94977
8600000US91723,ZCTA5 91723,6233,73301,90148
8600000US91724,ZCTA5 91724,8094,93155,110909
8600000US91730,ZCTA5 91730,24015,76806,88665
8600000US91731,ZCTA5 91731,8263,47925,60920
8600000US91732,ZCTA5 91732,16066,53483,70034
8600000US91733,ZCTA5 91733,11026,52590,63840
8600000US91737,ZCTA5 91737,7974,113390,133984
8600000US91739,ZCTA5 91739,11663,121262,147443
8600000US91740,ZCTA5 91740,8308,91200,108430
8600000US91741,ZCTA5 91741,8896,119357,157919
8600000US91744,ZCTA5 91744,18969,72444,82110
8600000US91745,ZCTA5 91745,16324,90965,114482
8600000US91746,ZCTA5 91746,6670,73264,85297
8600000US91748,ZCTA5 91748,13558,77405,97592
8600000US91750,ZCTA5 91750,12110,106840,133167
8600000US91752,ZCTA5 91752,8794,90264,107469
8600000US91754,ZCTA5 91754,11290,73646,96843
8600000US91755,ZCTA5 91755,8665,62640,87435
8600000US91759,ZCTA5 91759,157,107188,102977
8600000US91761,ZCTA5 91761,17335,76152,86954
8600000US91762,ZCTA5 91762,17636,65930,80551
8600000US91763,ZCTA5 91763,10233,64076,74341
8600000US91764,ZCTA5 91764,16482,60873,72884
8600000US91765,ZCTA5 91765,15119,109411,131339
8600000US91766,ZCTA5 91766,17987,60042,78831
8600000US91767,ZCTA5 91767,14065,67475,79040
8600000US91768,ZCTA5 91768,8045,56301,72934
8600000US91770,ZCTA5 91770,16648,63710,78021
8600000US91773,ZCTA5 91773,11387,102634,118862
8600000US91775,ZCTA5 91775,8113,101184,127641
8600000US91776,ZCTA5 91776,11713,59842,78944
8600000US91780,ZCTA5 91780,11355,86515,103535
8600000US91784,ZCTA5 91784,9023,142907,168059
8600000US91786,ZCTA5 91786,19107,69446,83879
8600000US91789,ZCTA5 91789,13348,109495,131107
8600000US91790,ZCTA5 91790,12254,87838,102159
8600000US91791,ZCTA5 91791,10080,99980,115774
8600000US91792,ZCTA5 91792,8585,88295,98542
8600000US91801,ZCTA5 91801,20065,67107,93336
8600000US91803,ZCTA5 91803,9644,71964,95106
8600000US91901,ZCTA5 91901,6320,104205,131914
8600000US91902,ZCTA5 91902,6008,110462,122933
8600000US91905,ZCTA5 91905,585,-,59954
8600000US91906,ZCTA5 91906,1311,59491,78897
8600000US91910,ZCTA5 91910,24942,77289,94700
8600000US91911,ZCTA5 91911,24684,66319,80669
8600000US91913,ZCTA5 91913,15188,103740,129595
8600000US91914,ZCTA5 91914,4621,135584,147368
8600000US91915,ZCTA5 91915,8731,114765,129362
8600000US91916,ZCTA5 91916,666,95750,120978
8600000US91917,ZCTA5 91917,210,-,87352
8600000US91931,ZCTA5 91931,167,76023,61088
8600000US91932,ZCTA5 91932,9547,56296,70350
8600000US91934,ZCTA5 91934,209,-,47244
8600000US91935,ZCTA5 91935,2948,106705,133489
8600000US91941,ZCTA5 91941,11574,98481,125298
8600000US91942,ZCTA5 91942,16305,79318,93754
8600000US91945,ZCTA5 91945,8603,70507,80134
8600000US91948,ZCTA5 91948,37,-,N
8600000US91950,ZCTA5 91950,16963,52303,66100
8600000US91962,ZCTA5 91962,697,114464,123861
8600000US91963,ZCTA5 91963,260,-,102968
8600000US91977,ZCTA5 91977,19154,72278,87103
8600000US91978,ZCTA5 91978,3369,85676,99770
8600000US91980,ZCTA5 91980,0,-,-
8600000US92003,ZCTA5 92003,1815,100577,128467
8600000US92004,ZCTA5 92004,1136,57694,78910
8600000US92007,ZCTA5 92007,4619,151341,190311
8600000US92008,ZCTA5 92008,11307,101927,142725
8600000US92009,ZCTA5 92009,16564,160086,194616
8600000US92010,ZCTA5 92010,6235,112129,132923
8600000US92011,ZCTA5 92011,9425,140889,181657
8600000US92014,ZCTA5 92014,5751,193214,260650
8600000US92019,ZCTA5 92019,14512,94942,121644
8600000US92020,ZCTA5 92020,19256,68233,89658
8600000US92021,ZCTA5 92021,22518,64711,83910
8600000US92024,ZCTA5 92024,19821,145349,193121
8600000US92025,ZCTA5 92025,15957,62083,92797
8600000US92026,ZCTA5 92026,16948,84568,104171
8600000US92027,ZCTA5 92027,16589,72406,92656
8600000US92028,ZCTA5 92028,16297,86764,108145
8600000US92029,ZCTA5 92029,7006,109005,142481
8600000US92036,ZCTA5 92036,1203,62587,88846
8600000US92037,ZCTA5 92037,16666,157000,246838
8600000US92040,ZCTA5 92040,15245,90605,105107
8600000US92054,ZCTA5 92054,15381,72080,99190
8600000US92055,ZCTA5 92055,292,-,82137
8600000US92056,ZCTA5 92056,18995,94979,111716
8600000US92057,ZCTA5 92057,19560,86748,105836
8600000US92058,ZCTA5 92058,14037,54259,69840
8600000US92059,ZCTA5 92059,505,95988,127337
8600000US92060,ZCTA5 92060,89,-,N
8600000US92061,ZCTA5 92061,772,53571,78539
8600000US92064,ZCTA5 92064,15983,122944,151417
8600000US92065,ZCTA5 92065,11883,103743,125885
8600000US92066,ZCTA5 92066,220,90682,75480
8600000US92067,ZCTA5 92067,2683,185068,257912
8600000US92069,ZCTA5 92069,14956,75552,102244
8600000US92070,ZCTA5 92070,328,71719,102033
8600000US92071,ZCTA5 92071,19168,97455,108216
8600000US92075,ZCTA5 92075,5299,126232,188953
8600000US92078,ZCTA5 92078,17532,110831,134957
8600000US92081,ZCTA5 92081,10280,93482,103769
8600000US92082,ZCTA5 92082,5992,101429,120861
8600000US92083,ZCTA5 92083,11274,69283,83374
8600000US92084,ZCTA5 92084,14877,80068,103552
8600000US92086,ZCTA5 92086,658,57019,90675
8600000US92091,ZCTA5 92091,638,156272,182018
8600000US92101,ZCTA5 92101,24355,108161,149821
8600000US92102,ZCTA5 92102,14757,52517,69570
8600000US92103,ZCTA5 92103,18273,115920,164174
8600000US92104,ZCTA5 92104,21077,78904,102563
8600000US92105,ZCTA5 92105,21958,43779,58658
8600000US92106,ZCTA5 92106,7711,135211,196752
8600000US92107,ZCTA5 92107,13743,113839,141835
8600000US92108,ZCTA5 92108,11072,89893,106052
8600000US92109,ZCTA5 92109,21973,101056,137190
8600000US92110,ZCTA5 92110,11388,88825,117290
8600000US92111,ZCTA5 92111,17120,79777,97441
8600000US92113,ZCTA5 92113,13581,43800,54981
8600000US92114,ZCTA5 92114,18081,71122,84019
8600000US92115,ZCTA5 92115,21203,60832,86384
8600000US92116,ZCTA5 92116,16317,87050,113407
8600000US92117,ZCTA5 92117,21046,101134,117072
8600000US92118,ZCTA5 92118,8435,127656,182105
8600000US92119,ZCTA5 92119,9538,112570,131276
8600000US92120,ZCTA5 92120,11755,124819,151394
8600000US92121,ZCTA5 92121,1858,150682,179059
8600000US92122,ZCTA5 92122,19957,110257,134762
8600000US92123,ZCTA5 92123,12438,89545,111990
8600000US92124,ZCTA5 92124,11148,97500,118949
8600000US92126,ZCTA5 92126,25218,100857,116306
8600000US92127,ZCTA5 92127,15809,153642,196185
8600000US92128,ZCTA5 92128,20810,121467,141984
8600000US92129,ZCTA5 92129,18043,144712,163790
8600000US92130,ZCTA5 92130,19908,183881,225708
8600000US92131,ZCTA5 92131,11980,150983,186459
8600000US92132,ZCTA5 92132,0,-,-
8600000US92134,ZCTA5 92134,0,-,-
8600000US92135,ZCTA5 92135,0,-,-
8600000US92139,ZCTA5 92139,10350,73804,86946
8600000US92140,ZCTA5 92140,0,-,-
8600000US92145,ZCTA5 92145,563,202031,230147
8600000US92147,ZCTA5 92147,0,-,-
8600000US92154,ZCTA5 92154,22449,68973,81171
8600000US92155,ZCTA5 92155,0,-,-
8600000US92173,ZCTA5 92173,7947,48842,60760
8600000US92201,ZCTA5 92201,23607,57286,75416
8600000US92203,ZCTA5 92203,11902,83230,100760
8600000US92210,ZCTA5 92210,2657,156328,268511
8600000US92211,ZCTA5 92211,12717,85940,128473
8600000US92220,ZCTA5 92220,11919,50909,69897
8600000US92222,ZCTA5 92222,0,-,-
8600000US92223,ZCTA5 92223,16868,89011,99205
8600000US92225,ZCTA5 92225,5950,57500,72645
8600000US92227,ZCTA5 92227,7228,46170,63576
8600000US92230,ZCTA5 92230,832,55417,64410
8600000US92231,ZCTA5 92231,9033,53064,70298
8600000US92233,ZCTA5 92233,927,36994,45422
8600000US92234,ZCTA5 92234,18816,55662,84022
8600000US92236,ZCTA5 92236,15601,48791,58171
8600000US92239,ZCTA5 92239,94,32005,42988
8600000US92240,ZCTA5 92240,12734,42500,54045
8600000US92241,ZCTA5 92241,3573,45674,55184
8600000US92242,ZCTA5 92242,610,40104,52451
8600000US92243,ZCTA5 92243,13001,53019,71366
8600000US92249,ZCTA5 92249,1936,46318,56123
8600000US92250,ZCTA5 92250,2349,66675,75408
8600000US92251,ZCTA5 92251,5352,89962,101636
8600000US92252,ZCTA5 92252,3932,44541,65890
8600000US92253,ZCTA5 92253,15815,99063,142772
8600000US92254,ZCTA5 92254,2897,29987,38288
8600000US92256,ZCTA5 92256,1456,68333,87226
8600000US92257,ZCTA5 92257,491,27933,37029
8600000US92258,ZCTA5 92258,216,-,16913
8600000US92259,ZCTA5 92259,71,-,53532
8600000US92260,ZCTA5 92260,15837,69353,110034
8600000US92262,ZCTA5 92262,13458,64646,103354
8600000US92264,ZCTA5 92264,11058,79338,120928
8600000US92266,ZCTA5 92266,75,-,N
8600000US92267,ZCTA5 92267,6,-,-
8600000US92268,ZCTA5 92268,257,-,79611
8600000US92270,ZCTA5 92270,9290,113390,166812
8600000US92273,ZCTA5 92273,504,29223,38689
8600000US92274,ZCTA5 92274,5036,34830,46008
8600000US92275,ZCTA5 92275,945,49451,60377
8600000US92276,ZCTA5 92276,2584,57089,69019
8600000US92277,ZCTA5 92277,8911,44702,59394
8600000US92278,ZCTA5 92278,370,51818,71024
8600000US92280,ZCTA5 92280,0,-,-
8600000US92281,ZCTA5 92281,692,48587,55913
8600000US92282,ZCTA5 92282,454,38343,44199
8600000US92283,ZCTA5 92283,512,30714,45772
8600000US92284,ZCTA5 92284,10573,56659,71878
8600000US92285,ZCTA5 92285,1078,34282,40909
8600000US92301,ZCTA5 92301,7956,44955,56305
8600000US92304,ZCTA5 92304,13,-,-
8600000US92305,ZCTA5 92305,251,87321,93194
8600000US92307,ZCTA5 92307,12772,66592,89382
8600000US92308,ZCTA5 92308,14125,57344,75611
8600000US92309,ZCTA5 92309,201,38750,57831
8600000US92310,ZCTA5 92310,2708,52779,60093
8600000US92311,ZCTA5 92311,11429,47653,63195
8600000US92313,ZCTA5 92313,4377,78333,95516
8600000US92314,ZCTA5 92314,4418,58423,70948
8600000US92315,ZCTA5 92315,2243,62468,92911
8600000US92316,ZCTA5 92316,7505,63616,71444
8600000US92320,ZCTA5 92320,3205,74237,90380
8600000US92321,ZCTA5 92321,414,45694,65930
8600000US92322,ZCTA5 92322,331,-,94432
8600000US92324,ZCTA5 92324,18325,60206,71617
8600000US92325,ZCTA5 92325,3154,80194,88276
8600000US92327,ZCTA5 92327,288,37974,43433
8600000US92328,ZCTA5 92328,230,86250,92139
8600000US92332,ZCTA5 92332,44,-,N
8600000US92333,ZCTA5 92333,211,-,84032
8600000US92335,ZCTA5 92335,25098,53674,62626
8600000US92336,ZCTA5 92336,25079,95895,108680
8600000US92337,ZCTA5 92337,10022,86782,94151
8600000US92338,ZCTA5 92338,0,-,-
8600000US92339,ZCTA5 92339,413,77422,90220
8600000US92341,ZCTA5 92341,116,39875,56611
8600000US92342,ZCTA5 92342,2598,77391,81746
8600000US92344,ZCTA5 92344,6003,83033,103261
8600000US92345,ZCTA5 92345,23946,54272,65998
8600000US92346,ZCTA5 92346,17747,76228,96454
8600000US92347,ZCTA5 92347,288,46208,44462
8600000US92352,ZCTA5 92352,2181,92414,124527
8600000US92354,ZCTA5 92354,8037,69900,85414
8600000US92356,ZCTA5 92356,2343,33398,47555
8600000US92358,ZCTA5 92358,384,53125,63970
8600000US92359,ZCTA5 92359,3097,78821,91370
8600000US92363,ZCTA5 92363,2188,49140,57942
8600000US92364,ZCTA5 92364,6,-,-
8600000US92365,ZCTA5 92365,1082,68158,66853
8600000US92368,ZCTA5 92368,290,34276,64319
8600000US92371,ZCTA5 92371,5268,59806,75199
8600000US92372,ZCTA5 92372,2077,76995,86758
8600000US92373,ZCTA5 92373,12712,97460,132574
8600000US92374,ZCTA5 92374,13921,80173,105451
8600000US92376,ZCTA5 92376,21415,59651,69782
8600000US92377,ZCTA5 92377,5530,90435,99337
8600000US92378,ZCTA5 92378,94,65625,70895
8600000US92382,ZCTA5 92382,1716,71055,84579
8600000US92384,ZCTA5 92384,13,-,-
8600000US92385,ZCTA5 92385,88,52788,53649
8600000US92386,ZCTA5 92386,1000,43188,63545
8600000US92389,ZCTA5 92389,102,60625,70754
8600000US92391,ZCTA5 92391,809,48879,64088
8600000US92392,ZCTA5 92392,15880,65429,79771
8600000US92394,ZCTA5 92394,8120,62783,71907
8600000US92395,ZCTA5 92395,13446,57134,73291
8600000US92397,ZCTA5 92397,1792,73804,108193
8600000US92398,ZCTA5 92398,676,84113,85869
8600000US92399,ZCTA5 92399,18447,84908,104468
8600000US92401,ZCTA5 92401,762,35750,53493
8600000US92404,ZCTA5 92404,17848,48542,61169
8600000US92405,ZCTA5 92405,8739,42850,51601
8600000US92407,ZCTA5 92407,17408,72169,86988
8600000US92408,ZCTA5 92408,3640,50372,55835
8600000US92410,ZCTA5 92410,12659,40970,50927
8600000US92411,ZCTA5 92411,6428,42480,57444
8600000US92501,ZCTA5 92501,6699,72668,86265
8600000US92503,ZCTA5 92503,25056,78584,93345
8600000US92504,ZCTA5 92504,16569,72913,88806
8600000US92505,ZCTA5 92505,13700,74934,88594
8600000US92506,ZCTA5 92506,14692,104552,131785
8600000US92507,ZCTA5 92507,17046,55579,73779
8600000US92508,ZCTA5 92508,10010,117856,129643
8600000US92509,ZCTA5 92509,18735,70356,82933
8600000US92518,ZCTA5 92518,483,77202,76684
8600000US92530,ZCTA5 92530,15466,62339,74509
8600000US92532,ZCTA5 92532,7141,91500,97279
8600000US92536,ZCTA5 92536,1087,80670,90181
8600000US92539,ZCTA5 92539,1629,50960,62776
8600000US92543,ZCTA5 92543,12775,40831,52335
8600000US92544,ZCTA5 92544,15408,57985,74415
8600000US92545,ZCTA5 92545,14642,55322,67543
8600000US92548,ZCTA5 92548,2256,54278,67562
8600000US92549,ZCTA5 92549,1196,93359,101239
8600000US92551,ZCTA5 92551,7937,65348,74535
8600000US92553,ZCTA5 92553,18385,52134,63554
8600000US92555,ZCTA5 92555,10873,89372,101651
8600000US92557,ZCTA5 92557,13901,75759,88662
8600000US92561,ZCTA5 92561,628,102583,122663
8600000US92562,ZCTA5 92562,19614,101742,124740
8600000US92563,ZCTA5 92563,18089,101101,118395
8600000US92567,ZCTA5 92567,2636,69336,96661
8600000US92570,ZCTA5 92570,13783,61669,76954
8600000US92571,ZCTA5 92571,12846,65057,75655
8600000US92582,ZCTA5 92582,4019,66576,79074
8600000US92583,ZCTA5 92583,9349,49809,65942
8600000US92584,ZCTA5 92584,14974,96658,107758
8600000US92585,ZCTA5 92585,6115,82203,97586
8600000US92586,ZCTA5 92586,9049,56515,70110
8600000US92587,ZCTA5 92587,5840,91667,120955
8600000US92590,ZCTA5 92590,1662,74508,167814
8600000US92591,ZCTA5 92591,13098,93896,112083
8600000US92592,ZCTA5 92592,24544,113077,135286
8600000US92595,ZCTA5 92595,9502,80729,98717
8600000US92596,ZCTA5 92596,8178,101584,115899
8600000US92602,ZCTA5 92602,8062,113611,144264
8600000US92603,ZCTA5 92603,7201,167461,244742
8600000US92604,ZCTA5 92604,9685,127514,145989
8600000US92606,ZCTA5 92606,9208,115929,141151
8600000US92610,ZCTA5 92610,5603,139453,173014
8600000US92612,ZCTA5 92612,12999,123299,152000
8600000US92614,ZCTA5 92614,10097,123446,147835
8600000US92617,ZCTA5 92617,3971,147883,166548
8600000US92618,ZCTA5 92618,19247,117736,152644
8600000US92620,ZCTA5 92620,18977,132353,160886
8600000US92624,ZCTA5 92624,2799,124167,163261
8600000US92625,ZCTA5 92625,5759,202102,309835
8600000US92626,ZCTA5 92626,18947,98592,125669
8600000US92627,ZCTA5 92627,22259,82764,113398
8600000US92629,ZCTA5 92629,11843,127354,172394
8600000US92630,ZCTA5 92630,20806,120610,140722
8600000US92637,ZCTA5 92637,11003,60488,81033
8600000US92646,ZCTA5 92646,21205,120240,141908
8600000US92647,ZCTA5 92647,21452,93886,115813
8600000US92648,ZCTA5 92648,19540,121500,173374
8600000US92649,ZCTA5 92649,14339,118450,148471
8600000US92651,ZCTA5 92651,10904,187615,273532
8600000US92653,ZCTA5 92653,10308,119077,173194
8600000US92655,ZCTA5 92655,2422,57784,74055
8600000US92656,ZCTA5 92656,19244,129937,149365
8600000US92657,ZCTA5 92657,3905,"250,000+",346517
8600000US92660,ZCTA5 92660,15062,165951,251938
8600000US92661,ZCTA5 92661,1501,127479,256784
8600000US92662,ZCTA5 92662,1295,203125,275886
8600000US92663,ZCTA5 92663,10072,148808,225330
8600000US92672,ZCTA5 92672,14113,116657,158835
8600000US92673,ZCTA5 92673,10319,167043,205658
8600000US92675,ZCTA5 92675,13155,104938,164463
8600000US92676,ZCTA5 92676,827,109286,146833
8600000US92677,ZCTA5 92677,25550,134183,177911
8600000US92678,ZCTA5 92678,207,119813,111730
8600000US92679,ZCTA5 92679,10863,185632,237238
8600000US92683,ZCTA5 92683,27634,70799,96619
8600000US92688,ZCTA5 92688,15984,135183,154618
8600000US92691,ZCTA5 92691,17050,130250,144992
8600000US92692,ZCTA5 92692,17421,135218,164365
8600000US92694,ZCTA5 92694,9048,172865,216191
8600000US92701,ZCTA5 92701,13209,51845,65641
8600000US92703,ZCTA5 92703,13575,57785,71985
8600000US92704,ZCTA5 92704,20018,67810,83656
8600000US92705,ZCTA5 92705,14738,114621,158846
8600000US92706,ZCTA5 92706,9355,72362,97174
8600000US92707,ZCTA5 92707,13801,75564,86719
8600000US92708,ZCTA5 92708,18756,103094,126961
8600000US92780,ZCTA5 92780,18547,80669,103064
8600000US92782,ZCTA5 92782,7980,152031,194192
8600000US92801,ZCTA5 92801,17921,64405,81435
8600000US92802,ZCTA5 92802,11527,61766,79131
8600000US92804,ZCTA5 92804,24954,69925,86809
8600000US92805,ZCTA5 92805,19611,65895,80383
8600000US92806,ZCTA5 92806,12339,79180,93612
8600000US92807,ZCTA5 92807,12437,127207,149308
8600000US92808,ZCTA5 92808,7435,142580,166284
8600000US92821,ZCTA5 92821,13750,107572,127048
8600000US92823,ZCTA5 92823,1458,161163,172974
8600000US92831,ZCTA5 92831,12438,87024,115616
8600000US92832,ZCTA5 92832,8322,71157,92647
8600000US92833,ZCTA5 92833,16310,94704,113308
8600000US92835,ZCTA5 92835,8513,145430,173120
8600000US92840,ZCTA5 92840,15065,75930,91023
8600000US92841,ZCTA5 92841,9384,63614,82882
8600000US92843,ZCTA5 92843,11833,64693,79674
8600000US92844,ZCTA5 92844,6713,58878,75853
8600000US92845,ZCTA5 92845,5564,127044,141024
8600000US92860,ZCTA5 92860,7120,116250,131000
8600000US92861,ZCTA5 92861,1975,195885,245945
8600000US92865,ZCTA5 92865,6406,119811,128189
8600000US92866,ZCTA5 92866,5418,92205,115603
8600000US92867,ZCTA5 92867,12944,103454,136064
8600000US92868,ZCTA5 92868,8061,66343,90035
8600000US92869,ZCTA5 92869,11508,125456,148578
8600000US92870,ZCTA5 92870,17177,104941,124372
8600000US92879,ZCTA5 92879,14255,73722,92276
8600000US92880,ZCTA5 92880,17384,115244,134007
8600000US92881,ZCTA5 92881,9566,116934,142804
8600000US92882,ZCTA5 92882,21310,88186,106923
8600000US92883,ZCTA5 92883,10533,115674,135335
8600000US92886,ZCTA5 92886,16816,137677,171317
8600000US92887,ZCTA5 92887,6847,156318,191469
8600000US93001,ZCTA5 93001,12694,80456,103297
8600000US93003,ZCTA5 93003,19247,91127,114354
8600000US93004,ZCTA5 93004,11030,108159,121448
8600000US93010,ZCTA5 93010,16042,108306,136964
8600000US93012,ZCTA5 93012,13209,128391,166306
8600000US93013,ZCTA5 93013,6213,99050,151702
8600000US93015,ZCTA5 93015,5188,81743,94607
8600000US93021,ZCTA5 93021,12141,119385,152131
8600000US93022,ZCTA5 93022,2488,94934,120457
8600000US93023,ZCTA5 93023,7765,103298,131818
8600000US93030,ZCTA5 93030,14617,74626,88235
8600000US93033,ZCTA5 93033,17217,61073,69667
8600000US93035,ZCTA5 93035,9929,100806,118988
8600000US93036,ZCTA5 93036,13074,77210,93548
8600000US93040,ZCTA5 93040,524,54479,66645
8600000US93041,ZCTA5 93041,7111,66667,76386
8600000US93042,ZCTA5 93042,0,-,-
8600000US93043,ZCTA5 93043,12,-,68158
8600000US93060,ZCTA5 93060,9622,68267,85088
8600000US93063,ZCTA5 93063,18980,110708,130129
8600000US93064,ZCTA5 93064,0,-,-
8600000US93065,ZCTA5 93065,23881,115185,142448
8600000US93066,ZCTA5 93066,1020,111597,214731
8600000US93067,ZCTA5 93067,260,-,100366
8600000US93101,ZCTA5 93101,13100,62000,97964
8600000US93103,ZCTA5 93103,7749,111966,136339
8600000US93105,ZCTA5 93105,11655,116528,152182
8600000US93108,ZCTA5 93108,4052,197784,306834
8600000US93109,ZCTA5 93109,4543,131094,173911
8600000US93110,ZCTA5 93110,6457,101791,155313
8600000US93111,ZCTA5 93111,6166,126397,159577
8600000US93117,ZCTA5 93117,16059,106674,120462
8600000US93201,ZCTA5 93201,410,44259,46821
8600000US93202,ZCTA5 93202,1162,51334,56771
8600000US93203,ZCTA5 93203,5280,39210,48023
8600000US93204,ZCTA5 93204,2489,39985,47089
8600000US93205,ZCTA5 93205,902,-,50065
8600000US93206,ZCTA5 93206,485,37344,55275
8600000US93207,ZCTA5 93207,114,-,48435
8600000US93208,ZCTA5 93208,85,-,N
8600000US93210,ZCTA5 93210,4699,62625,86896
8600000US93212,ZCTA5 93212,4386,41083,49601
8600000US93215,ZCTA5 93215,12336,46144,60980
8600000US93218,ZCTA5 93218,258,31912,46056
8600000US93219,ZCTA5 93219,2537,35887,53721
8600000US93220,ZCTA5 93220,65,-,-
8600000US93221,ZCTA5 93221,4825,56741,89044
8600000US93222,ZCTA5 93222,834,60568,81674
8600000US93223,ZCTA5 93223,2912,41264,51686
8600000US93224,ZCTA5 93224,156,46875,62477
8600000US93225,ZCTA5 93225,1942,57972,69948
8600000US93226,ZCTA5 93226,73,-,85843
8600000US93230,ZCTA5 93230,22204,65393,81698
8600000US93234,ZCTA5 93234,1800,30410,40279
8600000US93235,ZCTA5 93235,1188,39345,52113
8600000US93238,ZCTA5 93238,392,63750,83780
8600000US93239,ZCTA5 93239,329,56332,53698
8600000US93240,ZCTA5 93240,2676,49375,60183
8600000US93241,ZCTA5 93241,4022,41180,49945
8600000US93242,ZCTA5 93242,1018,50263,74190
8600000US93243,ZCTA5 93243,676,58370,55865
8600000US93244,ZCTA5 93244,117,119688,161104
8600000US93245,ZCTA5 93245,12213,64174,77117
8600000US93247,ZCTA5 93247,5413,39918,50661
8600000US93249,ZCTA5 93249,514,39125,50974
8600000US93250,ZCTA5 93250,3678,38316,49865
8600000US93251,ZCTA5 93251,68,50313,58802
8600000US93252,ZCTA5 93252,569,44716,54775
8600000US93254,ZCTA5 93254,306,62292,68352
8600000US93255,ZCTA5 93255,403,-,35106
8600000US93256,ZCTA5 93256,1509,34959,45958
8600000US93257,ZCTA5 93257,22264,47849,67113
8600000US93258,ZCTA5 93258,550,34022,45800
8600000US93260,ZCTA5 93260,104,-,82575
8600000US93261,ZCTA5 93261,681,20577,30728
8600000US93262,ZCTA5 93262,0,-,-
8600000US93263,ZCTA5 93263,5825,50185,64209
8600000US93265,ZCTA5 93265,1736,79712,109217
8600000US93266,ZCTA5 93266,307,49450,61082
8600000US93267,ZCTA5 93267,1863,39375,60533
8600000US93268,ZCTA5 93268,6420,43472,62799
8600000US93270,ZCTA5 93270,1627,41838,77399
8600000US93271,ZCTA5 93271,1126,78000,87737
8600000US93272,ZCTA5 93272,1137,40461,52088
8600000US93274,ZCTA5 93274,21468,57682,72901
8600000US93276,ZCTA5 93276,49,52500,56539
8600000US93277,ZCTA5 93277,18141,68030,87818
8600000US93280,ZCTA5 93280,6255,42714,53461
8600000US93283,ZCTA5 93283,986,-,37460
8600000US93285,ZCTA5 93285,1241,29591,57965
8600000US93286,ZCTA5 93286,2861,45512,65035
8600000US93287,ZCTA5 93287,28,69500,91709
8600000US93291,ZCTA5 93291,17429,66772,90079
8600000US93292,ZCTA5 93292,13594,66692,85416
8600000US93301,ZCTA5 93301,4698,36826,69286
8600000US93304,ZCTA5 93304,14981,43961,54889
8600000US93305,ZCTA5 93305,10701,33967,44586
8600000US93306,ZCTA5 93306,21865,61281,82482
8600000US93307,ZCTA5 93307,22585,40086,51975
8600000US93308,ZCTA5 93308,19488,55427,71851
8600000US93309,ZCTA5 93309,21431,53753,73416
8600000US93311,ZCTA5 93311,14524,109824,136913
8600000US93312,ZCTA5 93312,19616,102836,122385
8600000US93313,ZCTA5 93313,14481,75743,94743
8600000US93314,ZCTA5 93314,9217,122684,143500
8600000US93401,ZCTA5 93401,12261,105000,140161
8600000US93402,ZCTA5 93402,6401,88550,104559
8600000US93405,ZCTA5 93405,8651,111328,131916
8600000US93410,ZCTA5 93410,0,-,-
8600000US93420,ZCTA5 93420,11734,107404,122914
8600000US93422,ZCTA5 93422,12793,93610,113652
8600000US93424,ZCTA5 93424,507,117994,245763
8600000US93426,ZCTA5 93426,479,84706,105692
8600000US93427,ZCTA5 93427,2280,94948,115331
8600000US93428,ZCTA5 93428,2840,91831,106095
8600000US93429,ZCTA5 93429,69,68125,63802
8600000US93430,ZCTA5 93430,1405,81510,104882
8600000US93432,ZCTA5 93432,605,100762,113125
8600000US93433,ZCTA5 93433,5307,72782,94384
8600000US93434,ZCTA5 93434,2030,51875,65211
8600000US93436,ZCTA5 93436,17510,70643,91027
8600000US93437,ZCTA5 93437,1022,71950,78518
8600000US93440,ZCTA5 93440,567,63141,103295
8600000US93441,ZCTA5 93441,404,123056,150760
8600000US93442,ZCTA5 93442,5056,78462,97018
8600000US93444,ZCTA5 93444,7246,101636,116514
8600000US93445,ZCTA5 93445,2462,78083,83960
8600000US93446,ZCTA5 93446,17500,81235,101925
8600000US93449,ZCTA5 93449,4213,104839,139478
8600000US93450,ZCTA5 93450,204,44688,75704
8600000US93451,ZCTA5 93451,1412,70000,90945
8600000US93452,ZCTA5 93452,322,100822,85594
8600000US93453,ZCTA5 93453,1173,65395,89613
8600000US93454,ZCTA5 93454,11666,67507,82251
8600000US93455,ZCTA5 93455,15518,94843,113228
8600000US93458,ZCTA5 93458,13176,54653,67177
8600000US93460,ZCTA5 93460,2023,109813,134554
8600000US93461,ZCTA5 93461,523,59722,69846
8600000US93463,ZCTA5 93463,3230,112337,157172
8600000US93465,ZCTA5 93465,3357,108979,123744
8600000US93501,ZCTA5 93501,1919,43272,54517
8600000US93505,ZCTA5 93505,4205,57721,72737
8600000US93510,ZCTA5 93510,2608,121596,148007
8600000US93512,ZCTA5 93512,130,41406,46727
8600000US93513,ZCTA5 93513,736,54792,77035
8600000US93514,ZCTA5 93514,5968,76726,95359
8600000US93516,ZCTA5 93516,966,60595,61260
8600000US93517,ZCTA5 93517,267,97819,89156
8600000US93518,ZCTA5 93518,372,48750,68907
8600000US93519,ZCTA5 93519,0,-,-
8600000US93522,ZCTA5 93522,59,-,N
8600000US93523,ZCTA5 93523,1161,68333,84974
8600000US93524,ZCTA5 93524,0,-,-
8600000US93526,ZCTA5 93526,306,73333,83043
8600000US93527,ZCTA5 93527,680,74212,88292
8600000US93528,ZCTA5 93528,58,-,N
8600000US93529,ZCTA5 93529,187,97750,117013
8600000US93530,ZCTA5 93530,10,-,-
8600000US93531,ZCTA5 93531,132,139167,142466
8600000US93532,ZCTA5 93532,976,76250,97403
8600000US93534,ZCTA5 93534,14161,47176,57293
8600000US93535,ZCTA5 93535,21334,49476,61015
8600000US93536,ZCTA5 93536,21427,89823,103468
8600000US93541,ZCTA5 93541,166,-,N
8600000US93543,ZCTA5 93543,3698,52546,68644
8600000US93544,ZCTA5 93544,554,86458,90136
8600000US93545,ZCTA5 93545,772,43547,54498
8600000US93546,ZCTA5 93546,2954,77092,108600
8600000US93549,ZCTA5 93549,134,112500,104199
8600000US93550,ZCTA5 93550,21548,49613,61019
8600000US93551,ZCTA5 93551,15771,98933,116430
8600000US93552,ZCTA5 93552,9806,66423,78350
8600000US93553,ZCTA5 93553,670,62394,79681
8600000US93554,ZCTA5 93554,82,-,33938
8600000US93555,ZCTA5 93555,12986,83142,96393
8600000US93558,ZCTA5 93558,16,-,-
8600000US93560,ZCTA5 93560,7148,68803,83915
8600000US93561,ZCTA5 93561,11679,80000,96499
8600000US93562,ZCTA5 93562,775,57500,67985
8600000US93563,ZCTA5 93563,96,-,161378
8600000US93591,ZCTA5 93591,1948,48914,62519
8600000US93592,ZCTA5 93592,71,-,67846
8600000US93601,ZCTA5 93601,596,71583,83447
8600000US93602,ZCTA5 93602,1400,70762,83307
8600000US93603,ZCTA5 93603,85,216442,332785
8600000US93604,ZCTA5 93604,269,97042,119242
8600000US93605,ZCTA5 93605,57,98333,93533
8600000US93606,ZCTA5 93606,238,21992,40304
8600000US93608,ZCTA5 93608,361,39122,42640
8600000US93609,ZCTA5 93609,1541,47103,56180
8600000US93610,ZCTA5 93610,4710,57410,78885
8600000US93611,ZCTA5 93611,15823,101029,112598
8600000US93612,ZCTA5 93612,13491,51275,66509
8600000US93614,ZCTA5 93614,4747,79737,96076
8600000US93615,ZCTA5 93615,1549,37995,47564
8600000US93616,ZCTA5 93616,707,37167,55190
8600000US93618,ZCTA5 93618,8222,44489,63496
8600000US93619,ZCTA5 93619,13031,133792,152440
8600000US93620,ZCTA5 93620,2757,46379,77400
8600000US93621,ZCTA5 93621,57,-,N
8600000US93622,ZCTA5 93622,2748,42582,55000
8600000US93623,ZCTA5 93623,52,108243,82977
8600000US93624,ZCTA5 93624,177,35139,39340
8600000US93625,ZCTA5 93625,2507,60812,78023
8600000US93626,ZCTA5 93626,849,93250,132359
8600000US93627,ZCTA5 93627,35,-,N
8600000US93628,ZCTA5 93628,69,-,N
8600000US93630,ZCTA5 93630,5373,51747,74429
8600000US93631,ZCTA5 93631,5387,84440,112489
8600000US93633,ZCTA5 93633,0,-,-
8600000US93634,ZCTA5 93634,2,-,N
8600000US93635,ZCTA5 93635,11473,69662,83752
8600000US93636,ZCTA5 93636,4285,86377,107206
8600000US93637,ZCTA5 93637,12360,60512,76382
8600000US93638,ZCTA5 93638,12214,45739,60860
8600000US93640,ZCTA5 93640,2966,29962,40582
8600000US93641,ZCTA5 93641,128,-,N
8600000US93643,ZCTA5 93643,1243,63867,76012
8600000US93644,ZCTA5 93644,3559,59551,81937
8600000US93645,ZCTA5 93645,50,-,N
8600000US93646,ZCTA5 93646,3048,28210,42795
8600000US93647,ZCTA5 93647,2932,36442,47373
8600000US93648,ZCTA5 93648,4149,37030,46805
8600000US93650,ZCTA5 93650,1213,45492,46351
8600000US93651,ZCTA5 93651,667,100000,112004
8600000US93652,ZCTA5 93652,142,37857,55042
8600000US93653,ZCTA5 93653,542,73333,88412
8600000US93654,ZCTA5 93654,8572,52853,68925
8600000US93656,ZCTA5 93656,1690,50270,60279
8600000US93657,ZCTA5 93657,10720,65833,81741
8600000US93660,ZCTA5 93660,1017,35208,46408
8600000US93662,ZCTA5 93662,8807,50102,66112
8600000US93664,ZCTA5 93664,209,118438,147260
8600000US93665,ZCTA5 93665,234,32432,39913
8600000US93666,ZCTA5 93666,217,37917,39055
8600000US93667,ZCTA5 93667,864,101378,99712
8600000US93668,ZCTA5 93668,353,47132,81662
8600000US93669,ZCTA5 93669,86,65375,54025
8600000US93673,ZCTA5 93673,187,42083,44857
8600000US93675,ZCTA5 93675,1299,77184,87666
8600000US93701,ZCTA5 93701,3417,24433,32595
8600000US93702,ZCTA5 93702,11961,30334,42601
8600000US93703,ZCTA5 93703,9901,38694,50792
8600000US93704,ZCTA5 93704,11334,72042,91320
8600000US93705,ZCTA5 93705,12103,42309,52326
8600000US93706,ZCTA5 93706,11026,36246,52010
8600000US93710,ZCTA5 93710,11238,64872,75356
8600000US93711,ZCTA5 93711,15929,91870,127334
8600000US93720,ZCTA5 93720,18125,101485,124679
8600000US93721,ZCTA5 93721,2032,31583,54679
8600000US93722,ZCTA5 93722,25288,62175,76966
8600000US93723,ZCTA5 93723,3906,86369,104373
8600000US93725,ZCTA5 93725,6835,49317,63794
8600000US93726,ZCTA5 93726,14135,45330,54800
8600000US93727,ZCTA5 93727,24745,67768,81974
8600000US93728,ZCTA5 93728,5832,40955,54818
8600000US93730,ZCTA5 93730,4454,142478,189188
8600000US93901,ZCTA5 93901,9853,76739,92156
8600000US93905,ZCTA5 93905,13015,49975,62433
8600000US93906,ZCTA5 93906,16800,69435,89602
8600000US93907,ZCTA5 93907,7380,86667,108700
8600000US93908,ZCTA5 93908,4435,145833,174788
8600000US93920,ZCTA5 93920,546,63958,104095
8600000US93921,ZCTA5 93921,1743,145714,180889
8600000US93923,ZCTA5 93923,5571,148453,209609
8600000US93924,ZCTA5 93924,2544,125583,181301
8600000US93925,ZCTA5 93925,430,50250,72596
8600000US93926,ZCTA5 93926,2277,67413,76595
8600000US93927,ZCTA5 93927,4071,55774,67995
8600000US93928,ZCTA5 93928,16,-,N
8600000US93930,ZCTA5 93930,4347,52921,64292
8600000US93932,ZCTA5 93932,272,35268,48965
8600000US93933,ZCTA5 93933,9088,78544,93398
8600000US93940,ZCTA5 93940,13358,117897,161634
8600000US93943,ZCTA5 93943,0,-,-
8600000US93950,ZCTA5 93950,6849,112577,144238
8600000US93953,ZCTA5 93953,1742,153173,185505
8600000US93954,ZCTA5 93954,116,60313,56661
8600000US93955,ZCTA5 93955,10823,70960,86342
8600000US93960,ZCTA5 93960,4098,63338,79357
8600000US93962,ZCTA5 93962,148,122212,141238
8600000US94002,ZCTA5 94002,10323,196052,242625
8600000US94005,ZCTA5 94005,1892,148807,183901
8600000US94010,ZCTA5 94010,16062,201014,293191
8600000US94014,ZCTA5 94014,14044,93301,111802
8600000US94015,ZCTA5 94015,20295,111603,129824
8600000US94019,ZCTA5 94019,7452,152860,211153
8600000US94020,ZCTA5 94020,661,165750,188876
8600000US94021,ZCTA5 94021,91,-,N
8600000US94022,ZCTA5 94022,7202,"250,000+",397802
8600000US94024,ZCTA5 94024,7815,"250,000+",374985
8600000US94025,ZCTA5 94025,15106,200352,287460
8600000US94027,ZCTA5 94027,2318,"250,000+",533806
8600000US94028,ZCTA5 94028,2508,"250,000+",374540
8600000US94030,ZCTA5 94030,7976,146037,180016
8600000US94037,ZCTA5 94037,1028,106111,148310
8600000US94038,ZCTA5 94038,1157,157188,210693
8600000US94040,ZCTA5 94040,14567,167681,239053
8600000US94041,ZCTA5 94041,6238,147679,220216
8600000US94043,ZCTA5 94043,13046,167326,210570
8600000US94044,ZCTA5 94044,13750,140047,161026
8600000US94060,ZCTA5 94060,300,167589,202686
8600000US94061,ZCTA5 94061,13942,132190,184791
8600000US94062,ZCTA5 94062,10190,213358,297104
8600000US94063,ZCTA5 94063,10647,72909,114564
8600000US94065,ZCTA5 94065,5197,207878,246782
8600000US94066,ZCTA5 94066,15063,126774,149897
8600000US94070,ZCTA5 94070,11537,225093,281418
8600000US94074,ZCTA5 94074,74,165357,272420
8600000US94080,ZCTA5 94080,21442,112236,135818
8600000US94085,ZCTA5 94085,8418,121311,165823
8600000US94086,ZCTA5 94086,19564,153820,186217
8600000US94087,ZCTA5 94087,20041,181207,232629
8600000US94089,ZCTA5 94089,8231,130018,159551
8600000US94102,ZCTA5 94102,18036,73470,121476
8600000US94103,ZCTA5 94103,15714,92938,147985
8600000US94104,ZCTA5 94104,220,47222,95079
8600000US94105,ZCTA5 94105,5487,"250,000+",342098
8600000US94107,ZCTA5 94107,14392,178972,222832
8600000US94108,ZCTA5 94108,7800,56362,112909
8600000US94109,ZCTA5 94109,33532,144803,203907
8600000US94110,ZCTA5 94110,27504,136756,185564
8600000US94111,ZCTA5 94111,2211,155054,195047
8600000US94112,ZCTA5 94112,23415,95894,124667
8600000US94114,ZCTA5 94114,16845,212316,273695
8600000US94115,ZCTA5 94115,17062,156757,230467
8600000US94116,ZCTA5 94116,16224,133384,179638
8600000US94117,ZCTA5 94117,18244,199328,261755
8600000US94118,ZCTA5 94118,17854,165494,241883
8600000US94121,ZCTA5 94121,17448,137231,181463
8600000US94122,ZCTA5 94122,22936,142881,168975
8600000US94123,ZCTA5 94123,13769,"250,000+",351647
8600000US94124,ZCTA5 94124,11219,70702,97909
8600000US94127,ZCTA5 94127,7603,196951,246767
8600000US94128,ZCTA5 94128,0,-,-
8600000US94129,ZCTA5 94129,1293,237000,294185
8600000US94130,ZCTA5 94130,606,36622,57216
8600000US94131,ZCTA5 94131,13012,187882,232487
8600000US94132,ZCTA5 94132,10314,105239,135156
8600000US94133,ZCTA5 94133,12981,72781,142267
8600000US94134,ZCTA5 94134,12172,84325,112603
8600000US94158,ZCTA5 94158,4461,192904,202248
8600000US94301,ZCTA5 94301,7042,220625,330061
8600000US94303,ZCTA5 94303,14310,119479,188576
8600000US94304,ZCTA5 94304,1846,149514,247809
8600000US94305,ZCTA5 94305,3578,220357,314740
8600000US94306,ZCTA5 94306,10680,190482,243280
8600000US94401,ZCTA5 94401,12397,107480,139990
8600000US94402,ZCTA5 94402,9542,198452,254286
8600000US94403,ZCTA5 94403,16529,159029,201416
8600000US94404,ZCTA5 94404,14341,169852,200021
8600000US94501,ZCTA5 94501,25452,118337,142424
8600000US94502,ZCTA5 94502,4966,176034,200549
8600000US94503,ZCTA5 94503,5303,107983,133904
8600000US94505,ZCTA5 94505,5523,136213,163197
8600000US94506,ZCTA5 94506,8277,222210,289221
8600000US94507,ZCTA5 94507,5241,"250,000+",318077
8600000US94508,ZCTA5 94508,997,105547,138420
8600000US94509,ZCTA5 94509,21537,68773,83108
8600000US94510,ZCTA5 94510,11339,124309,144524
8600000US94511,ZCTA5 94511,906,49018,77349
8600000US94512,ZCTA5 94512,16,-,-
8600000US94513,ZCTA5 94513,20690,120602,138655
8600000US94514,ZCTA5 94514,451,104286,170651
8600000US94515,ZCTA5 94515,3001,93413,176072
8600000US94516,ZCTA5 94516,48,90000,113977
8600000US94517,ZCTA5 94517,4797,168056,205225
8600000US94518,ZCTA5 94518,10588,109400,128373
8600000US94519,ZCTA5 94519,6924,105613,120369
8600000US94520,ZCTA5 94520,13669,62500,81025
8600000US94521,ZCTA5 94521,15932,125654,142112
8600000US94523,ZCTA5 94523,13960,138538,160424
8600000US94525,ZCTA5 94525,1459,98571,107996
8600000US94526,ZCTA5 94526,12390,188178,237985
8600000US94528,ZCTA5 94528,201,-,215836
8600000US94530,ZCTA5 94530,10313,128760,159548
8600000US94531,ZCTA5 94531,12479,108091,119588
8600000US94533,ZCTA5 94533,24038,80511,94391
8600000US94534,ZCTA5 94534,13097,125920,157397
8600000US94535,ZCTA5 94535,1035,70428,80152
8600000US94536,ZCTA5 94536,24973,140929,158020
8600000US94538,ZCTA5 94538,22222,124525,141059
8600000US94539,ZCTA5 94539,16822,189344,221426
8600000US94541,ZCTA5 94541,21808,86141,106238
8600000US94542,ZCTA5 94542,4392,133269,158527
8600000US94544,ZCTA5 94544,22920,86200,101965
8600000US94545,ZCTA5 94545,9414,98090,119738
8600000US94546,ZCTA5 94546,16363,112551,132328
8600000US94547,ZCTA5 94547,8402,124144,139663
8600000US94548,ZCTA5 94548,150,130972,142662
8600000US94549,ZCTA5 94549,10852,216964,282304
8600000US94550,ZCTA5 94550,18117,156369,184275
8600000US94551,ZCTA5 94551,15988,141349,164105
8600000US94552,ZCTA5 94552,4943,174073,212984
8600000US94553,ZCTA5 94553,18961,118146,140902
8600000US94555,ZCTA5 94555,11683,161130,190220
8600000US94556,ZCTA5 94556,5881,187100,244652
8600000US94558,ZCTA5 94558,23924,107409,138796
8600000US94559,ZCTA5 94559,10210,84307,107879
8600000US94560,ZCTA5 94560,14047,121282,139543
8600000US94561,ZCTA5 94561,12190,110768,120208
8600000US94563,ZCTA5 94563,7167,"250,000+",325697
8600000US94564,ZCTA5 94564,6757,108018,125558
8600000US94565,ZCTA5 94565,28368,73119,91413
8600000US94566,ZCTA5 94566,16475,182663,229023
8600000US94567,ZCTA5 94567,231,58750,138392
8600000US94568,ZCTA5 94568,18660,157979,190665
8600000US94569,ZCTA5 94569,83,-,N
8600000US94571,ZCTA5 94571,5211,74459,84711
8600000US94572,ZCTA5 94572,3373,88622,109888
8600000US94573,ZCTA5 94573,14,-,N
8600000US94574,ZCTA5 94574,3796,118292,205313
8600000US94575,ZCTA5 94575,0,-,-
8600000US94576,ZCTA5 94576,47,-,79883
8600000US94577,ZCTA5 94577,17132,97257,117225
8600000US94578,ZCTA5 94578,14502,72304,89579
8600000US94579,ZCTA5 94579,6800,93382,110267
8600000US94580,ZCTA5 94580,8879,107789,122297
8600000US94582,ZCTA5 94582,14036,208343,222161
8600000US94583,ZCTA5 94583,12096,169304,193734
8600000US94585,ZCTA5 94585,9300,88425,98940
8600000US94586,ZCTA5 94586,305,152917,247270
8600000US94587,ZCTA5 94587,21852,121063,139491
8600000US94588,ZCTA5 94588,13032,168491,203008
8600000US94589,ZCTA5 94589,9785,70180,84133
8600000US94590,ZCTA5 94590,14589,63699,73431
8600000US94591,ZCTA5 94591,18557,96901,113822
8600000US94592,ZCTA5 94592,291,157188,164999
8600000US94595,ZCTA5 94595,9761,130175,165285
8600000US94596,ZCTA5 94596,9922,134358,188338
8600000US94597,ZCTA5 94597,10497,149899,167663
8600000US94598,ZCTA5 94598,10358,182218,216626
8600000US94599,ZCTA5 94599,1446,119107,175977
8600000US94601,ZCTA5 94601,15536,51231,70740
8600000US94602,ZCTA5 94602,11813,121189,156588
8600000US94603,ZCTA5 94603,10006,55836,71050
8600000US94605,ZCTA5 94605,16446,84255,108831
8600000US94606,ZCTA5 94606,15260,61380,81016
8600000US94607,ZCTA5 94607,11503,48660,84260
8600000US94608,ZCTA5 94608,14368,100625,124561
8600000US94609,ZCTA5 94609,9915,113063,146549
8600000US94610,ZCTA5 94610,15211,146607,199255
8600000US94611,ZCTA5 94611,17257,187813,239007
8600000US94612,ZCTA5 94612,8750,60027,114232
8600000US94613,ZCTA5 94613,4,-,N
8600000US94618,ZCTA5 94618,7156,211833,275132
8600000US94619,ZCTA5 94619,9095,112574,142386
8600000US94621,ZCTA5 94621,9685,49523,64251
8600000US94702,ZCTA5 94702,7499,124696,146690
8600000US94703,ZCTA5 94703,8674,128716,153940
8600000US94704,ZCTA5 94704,8251,76944,107704
8600000US94705,ZCTA5 94705,5787,199531,280551
8600000US94706,ZCTA5 94706,7981,122463,149136
8600000US94707,ZCTA5 94707,4838,196974,265080
8600000US94708,ZCTA5 94708,4749,210489,254283
8600000US94709,ZCTA5 94709,4984,137857,176625
8600000US94710,ZCTA5 94710,3103,94958,127471
8600000US94720,ZCTA5 94720,26,-,N
8600000US94801,ZCTA5 94801,9335,56960,79820
8600000US94803,ZCTA5 94803,9114,100189,120331
8600000US94804,ZCTA5 94804,14392,60259,78815
8600000US94805,ZCTA5 94805,5254,89926,124674
8600000US94806,ZCTA5 94806,19943,71861,85195
8600000US94850,ZCTA5 94850,0,-,-
8600000US94901,ZCTA5 94901,15990,119858,167924
8600000US94903,ZCTA5 94903,12348,141250,175963
8600000US94904,ZCTA5 94904,5302,198953,298887
8600000US94920,ZCTA5 94920,5359,227841,374605
8600000US94922,ZCTA5 94922,265,111926,163960
8600000US94923,ZCTA5 94923,506,223542,297079
8600000US94924,ZCTA5 94924,535,89408,125766
8600000US94925,ZCTA5 94925,3930,183972,233977
8600000US94928,ZCTA5 94928,16393,86836,102422
8600000US94929,ZCTA5 94929,96,146125,220945
8600000US94930,ZCTA5 94930,3766,133589,158233
8600000US94931,ZCTA5 94931,3263,96151,112324
8600000US94933,ZCTA5 94933,339,-,128898
8600000US94937,ZCTA5 94937,402,106797,151130
8600000US94938,ZCTA5 94938,374,139545,130164
8600000US94939,ZCTA5 94939,3127,189714,271794
8600000US94940,ZCTA5 94940,113,-,225884
8600000US94941,ZCTA5 94941,13290,214049,303563
8600000US94945,ZCTA5 94945,7400,131955,159116
8600000US94946,ZCTA5 94946,291,190625,310357
8600000US94947,ZCTA5 94947,10186,128693,164413
8600000US94949,ZCTA5 94949,7533,142557,172120
8600000US94950,ZCTA5 94950,51,74583,109037
8600000US94951,ZCTA5 94951,1855,105677,130069
8600000US94952,ZCTA5 94952,13786,108359,153490
8600000US94954,ZCTA5 94954,13781,114867,131790
8600000US94956,ZCTA5 94956,643,101953,159655
8600000US94957,ZCTA5 94957,419,"250,000+",385820
8600000US94960,ZCTA5 94960,6283,178682,237922
8600000US94963,ZCTA5 94963,129,132500,191293
8600000US94964,ZCTA5 94964,70,-,N
8600000US94965,ZCTA5 94965,5950,150323,211037
8600000US94970,ZCTA5 94970,378,162708,198951
8600000US94971,ZCTA5 94971,116,175326,304011
8600000US94972,ZCTA5 94972,13,-,-
8600000US94973,ZCTA5 94973,652,141250,171689
8600000US95002,ZCTA5 95002,625,94688,122093
8600000US95003,ZCTA5 95003,10263,131661,163701
8600000US95004,ZCTA5 95004,1252,114565,148283
8600000US95005,ZCTA5 95005,2674,116875,128961
8600000US95006,ZCTA5 95006,3992,128454,149593
8600000US95007,ZCTA5 95007,133,-,48232
8600000US95008,ZCTA5 95008,17878,144208,179551
8600000US95010,ZCTA5 95010,3942,83906,114553
8600000US95012,ZCTA5 95012,2434,60671,69901
8600000US95013,ZCTA5 95013,32,-,N
8600000US95014,ZCTA5 95014,21618,199498,234685
8600000US95017,ZCTA5 95017,259,-,128262
8600000US95018,ZCTA5 95018,2849,113484,143640
8600000US95019,ZCTA5 95019,2089,61538,69391
8600000US95020,ZCTA5 95020,18592,113447,135071
8600000US95023,ZCTA5 95023,15752,93080,109922
8600000US95030,ZCTA5 95030,5088,"250,000+",378842
8600000US95032,ZCTA5 95032,9840,192682,243857
8600000US95033,ZCTA5 95033,3566,202500,239862
8600000US95035,ZCTA5 95035,23660,137862,162276
8600000US95037,ZCTA5 95037,17297,139325,175513
8600000US95039,ZCTA5 95039,314,50508,47306
8600000US95041,ZCTA5 95041,100,59214,68365
8600000US95043,ZCTA5 95043,284,95795,144330
8600000US95045,ZCTA5 95045,1434,97639,124543
8600000US95046,ZCTA5 95046,1698,125938,145105
8600000US95050,ZCTA5 95050,14112,107310,136564
8600000US95051,ZCTA5 95051,21679,147854,176377
8600000US95053,ZCTA5 95053,0,-,-
8600000US95054,ZCTA5 95054,8564,160726,175392
8600000US95060,ZCTA5 95060,18913,118601,154040
8600000US95062,ZCTA5 95062,14982,101761,125524
8600000US95064,ZCTA5 95064,421,53750,91521
8600000US95065,ZCTA5 95065,3220,118141,159662
8600000US95066,ZCTA5 95066,5598,136907,176903
8600000US95070,ZCTA5 95070,11183,217355,284114
8600000US95073,ZCTA5 95073,3964,120653,149165
8600000US95075,ZCTA5 95075,144,113333,160304
8600000US95076,ZCTA5 95076,23856,69849,95163
8600000US95110,ZCTA5 95110,6547,85159,107428
8600000US95111,ZCTA5 95111,16169,78265,103089
8600000US95112,ZCTA5 95112,20879,76802,107210
8600000US95113,ZCTA5 95113,1309,176250,218835
8600000US95116,ZCTA5 95116,14227,69570,87544
8600000US95117,ZCTA5 95117,10821,108133,151901
8600000US95118,ZCTA5 95118,11147,135469,163735
8600000US95119,ZCTA5 95119,3209,129363,163447
8600000US95120,ZCTA5 95120,12522,223405,250816
8600000US95121,ZCTA5 95121,9756,111464,133241
8600000US95122,ZCTA5 95122,12664,78825,96257
8600000US95123,ZCTA5 95123,23201,130833,146967
8600000US95124,ZCTA5 95124,17249,171581,203757
8600000US95125,ZCTA5 95125,21088,162278,212586
8600000US95126,ZCTA5 95126,15031,117149,160456
8600000US95127,ZCTA5 95127,16530,103492,124415
8600000US95128,ZCTA5 95128,13778,106616,144387
8600000US95129,ZCTA5 95129,13910,173938,204306
8600000US95130,ZCTA5 95130,5135,151305,178357
8600000US95131,ZCTA5 95131,9700,135395,161231
8600000US95132,ZCTA5 95132,12040,128926,152903
8600000US95133,ZCTA5 95133,8774,90050,118988
8600000US95134,ZCTA5 95134,12443,157492,168986
8600000US95135,ZCTA5 95135,7548,182720,213474
8600000US95136,ZCTA5 95136,15700,122666,147408
8600000US95138,ZCTA5 95138,6145,198228,242271
8600000US95139,ZCTA5 95139,2235,150847,160032
8600000US95140,ZCTA5 95140,71,-,132903
8600000US95148,ZCTA5 95148,12024,140243,159190
8600000US95202,ZCTA5 95202,2926,27127,46597
8600000US95203,ZCTA5 95203,5472,50654,63970
8600000US95204,ZCTA5 95204,11076,64448,85797
8600000US95205,ZCTA5 95205,10702,38285,51423
8600000US95206,ZCTA5 95206,17227,53501,67307
8600000US95207,ZCTA5 95207,18414,58035,76546
8600000US95209,ZCTA5 95209,13182,86022,100555
8600000US95210,ZCTA5 95210,11929,50627,64266
8600000US95211,ZCTA5 95211,0,-,-
8600000US95212,ZCTA5 95212,7186,97930,111709
8600000US95215,ZCTA5 95215,6612,53641,75471
8600000US95219,ZCTA5 95219,10811,93723,137893
8600000US95220,ZCTA5 95220,2570,95980,123747
8600000US95222,ZCTA5 95222,2339,76875,95810
8600000US95223,ZCTA5 95223,1274,80882,127801
8600000US95224,ZCTA5 95224,85,-,114817
8600000US95225,ZCTA5 95225,160,-,91993
8600000US95226,ZCTA5 95226,0,-,-
8600000US95227,ZCTA5 95227,222,97102,167219
8600000US95228,ZCTA5 95228,1728,86741,107255
8600000US95230,ZCTA5 95230,269,94000,111309
8600000US95231,ZCTA5 95231,777,60000,75396
8600000US95232,ZCTA5 95232,66,-,N
8600000US95233,ZCTA5 95233,185,113906,122935
8600000US95234,ZCTA5 95234,0,-,-
8600000US95236,ZCTA5 95236,1531,92130,109727
8600000US95237,ZCTA5 95237,1269,72171,88251
8600000US95240,ZCTA5 95240,16478,56697,76536
8600000US95242,ZCTA5 95242,10021,89470,122687
8600000US95245,ZCTA5 95245,667,65972,87209
8600000US95246,ZCTA5 95246,545,73889,85353
8600000US95247,ZCTA5 95247,1630,83250,122879
8600000US95248,ZCTA5 95248,56,-,32732
8600000US95249,ZCTA5 95249,1637,40551,65506
8600000US95250,ZCTA5 95250,0,-,-
8600000US95251,ZCTA5 95251,301,84511,105120
8600000US95252,ZCTA5 95252,5221,86291,103051
8600000US95254,ZCTA5 95254,316,104534,124290
8600000US95255,ZCTA5 95255,603,60455,58092
8600000US95257,ZCTA5 95257,155,70109,57863
8600000US95258,ZCTA5 95258,1441,105703,140522
8600000US95301,ZCTA5 95301,11999,64677,88934
8600000US95303,ZCTA5 95303,371,110625,223591
8600000US95304,ZCTA5 95304,3756,102072,147975
8600000US95305,ZCTA5 95305,0,-,-
8600000US95306,ZCTA5 95306,358,57611,57334
8600000US95307,ZCTA5 95307,12589,61641,74028
8600000US95310,ZCTA5 95310,954,89410,94029
8600000US95311,ZCTA5 95311,939,52465,73996
8600000US95312,ZCTA5 95312,70,51442,66871
8600000US95313,ZCTA5 95313,446,65486,87354
8600000US95314,ZCTA5 95314,0,-,-
8600000US95315,ZCTA5 95315,3622,64143,73705
8600000US95316,ZCTA5 95316,2237,72426,89765
8600000US95317,ZCTA5 95317,341,54943,86996
8600000US95318,ZCTA5 95318,119,86328,86935
8600000US95319,ZCTA5 95319,623,46927,51406
8600000US95320,ZCTA5 95320,4440,84429,95932
8600000US95321,ZCTA5 95321,1681,73913,98502
8600000US95322,ZCTA5 95322,3238,56800,85386
8600000US95323,ZCTA5 95323,410,75729,85749
8600000US95324,ZCTA5 95324,2878,61481,87337
8600000US95325,ZCTA5 95325,40,-,N
8600000US95326,ZCTA5 95326,3465,84451,103595
8600000US95327,ZCTA5 95327,2553,61944,78529
8600000US95328,ZCTA5 95328,1105,53697,73735
8600000US95329,ZCTA5 95329,1078,73672,91994
8600000US95330,ZCTA5 95330,5642,84257,95619
8600000US95333,ZCTA5 95333,812,49292,74988
8600000US95334,ZCTA5 95334,4485,58882,70343
8600000US95335,ZCTA5 95335,98,-,N
8600000US95336,ZCTA5 95336,15477,71730,86788
8600000US95337,ZCTA5 95337,12048,87552,105945
8600000US95338,ZCTA5 95338,4776,64375,75400
8600000US95340,ZCTA5 95340,11801,68958,94695
8600000US95341,ZCTA5 95341,8492,41506,64720
8600000US95345,ZCTA5 95345,427,-,48500
8600000US95346,ZCTA5 95346,541,127765,117462
8600000US95348,ZCTA5 95348,10517,53874,69343
8600000US95350,ZCTA5 95350,19832,63370,80914
8600000US95351,ZCTA5 95351,13385,45000,55750
8600000US95354,ZCTA5 95354,8890,56011,70853
8600000US95355,ZCTA5 95355,21394,78963,98478
8600000US95356,ZCTA5 95356,11477,82143,111194
8600000US95357,ZCTA5 95357,3643,80596,97044
8600000US95358,ZCTA5 95358,8781,62943,79539
8600000US95360,ZCTA5 95360,3909,60478,81783
8600000US95361,ZCTA5 95361,12206,88440,108651
8600000US95363,ZCTA5 95363,7606,73202,85507
8600000US95364,ZCTA5 95364,0,-,-
8600000US95365,ZCTA5 95365,1353,45204,51474
8600000US95366,ZCTA5 95366,6135,96148,117160
8600000US95367,ZCTA5 95367,7217,73404,91333
8600000US95368,ZCTA5 95368,3987,86524,96154
8600000US95369,ZCTA5 95369,370,60972,77157
8600000US95370,ZCTA5 95370,12058,75877,99896
8600000US95372,ZCTA5 95372,723,101250,97893
8600000US95374,ZCTA5 95374,569,57708,168949
8600000US95375,ZCTA5 95375,0,-,-
8600000US95376,ZCTA5 95376,16220,85926,100971
8600000US95377,ZCTA5 95377,8851,113445,125562
8600000US95379,ZCTA5 95379,1601,64705,78682
8600000US95380,ZCTA5 95380,14470,53320,70775
8600000US95382,ZCTA5 95382,13520,81869,104632
8600000US95383,ZCTA5 95383,1778,91042,116651
8600000US95385,ZCTA5 95385,148,71293,89964
8600000US95386,ZCTA5 95386,3057,68389,81939
8600000US95387,ZCTA5 95387,158,39919,49765
8600000US95388,ZCTA5 95388,4135,50694,65924
8600000US95389,ZCTA5 95389,283,78041,77905
8600000US95391,ZCTA5 95391,5044,138750,154413
8600000US95401,ZCTA5 95401,13635,83176,113314
8600000US95403,ZCTA5 95403,16103,88330,109037
8600000US95404,ZCTA5 95404,16340,102455,134551
8600000US95405,ZCTA5 95405,8174,106035,124875
8600000US95407,ZCTA5 95407,12785,69333,79943
8600000US95409,ZCTA5 95409,12310,107476,134398
8600000US95410,ZCTA5 95410,395,72132,132203
8600000US95412,ZCTA5 95412,153,69107,80546
8600000US95415,ZCTA5 95415,442,50673,85779
8600000US95417,ZCTA5 95417,141,71477,76777
8600000US95420,ZCTA5 95420,181,85917,125280
8600000US95421,ZCTA5 95421,787,78542,102843
8600000US95422,ZCTA5 95422,5962,35085,47442
8600000US95423,ZCTA5 95423,1668,55979,76289
8600000US95425,ZCTA5 95425,4112,87208,111456
8600000US95426,ZCTA5 95426,608,89470,87823
8600000US95427,ZCTA5 95427,115,36420,37461
8600000US95428,ZCTA5 95428,974,41090,52061
8600000US95429,ZCTA5 95429,58,68750,112365
8600000US95430,ZCTA5 95430,7,-,-
8600000US95431,ZCTA5 95431,0,-,-
8600000US95432,ZCTA5 95432,326,57813,74937
8600000US95435,ZCTA5 95435,88,-,N
8600000US95436,ZCTA5 95436,2823,88000,109688
8600000US95437,ZCTA5 95437,6080,60994,73978
8600000US95439,ZCTA5 95439,220,-,104011
8600000US95441,ZCTA5 95441,624,97500,132718
8600000US95442,ZCTA5 95442,1312,162399,287089
8600000US95443,ZCTA5 95443,81,-,N
8600000US95444,ZCTA5 95444,214,-,110200
8600000US95445,ZCTA5 95445,1068,61552,75305
8600000US95446,ZCTA5 95446,2510,87917,115381
8600000US95448,ZCTA5 95448,6797,116243,169251
8600000US95449,ZCTA5 95449,542,64000,106208
8600000US95450,ZCTA5 95450,127,118750,123114
8600000US95451,ZCTA5 95451,4621,72245,102346
8600000US95452,ZCTA5 95452,483,88904,111864
8600000US95453,ZCTA5 95453,4662,79756,99535
8600000US95454,ZCTA5 95454,1076,54211,55985
8600000US95456,ZCTA5 95456,452,44167,70792
8600000US95457,ZCTA5 95457,1331,78333,78248
8600000US95458,ZCTA5 95458,1203,47014,58609
8600000US95459,ZCTA5 95459,246,57500,95847
8600000US95460,ZCTA5 95460,1267,86938,96550
8600000US95461,ZCTA5 95461,1090,53977,97109
8600000US95462,ZCTA5 95462,583,73750,92205
8600000US95463,ZCTA5 95463,73,-,N
8600000US95464,ZCTA5 95464,976,51667,57133
8600000US95465,ZCTA5 95465,1094,80784,151781
8600000US95466,ZCTA5 95466,337,47000,78804
8600000US95467,ZCTA5 95467,2054,76271,95771
8600000US95468,ZCTA5 95468,559,75091,72308
8600000US95469,ZCTA5 95469,757,63056,74474
8600000US95470,ZCTA5 95470,2116,79743,91237
8600000US95471,ZCTA5 95471,270,30795,49591
8600000US95472,ZCTA5 95472,12493,109678,135328
8600000US95476,ZCTA5 95476,15332,101389,141107
8600000US95482,ZCTA5 95482,11451,64706,84594
8600000US95485,ZCTA5 95485,1079,75278,85379
8600000US95486,ZCTA5 95486,33,-,N
8600000US95488,ZCTA5 95488,79,85500,139429
8600000US95490,ZCTA5 95490,5235,57255,67915
8600000US95492,ZCTA5 95492,9757,120333,132642
8600000US95493,ZCTA5 95493,183,67824,62388
8600000US95494,ZCTA5 95494,64,-,119858
8600000US95497,ZCTA5 95497,604,80750,113728
8600000US95501,ZCTA5 95501,10135,62170,87526
8600000US95503,ZCTA5 95503,10226,65522,82557
8600000US95511,ZCTA5 95511,108,-,63655
8600000US95514,ZCTA5 95514,60,-,N
8600000US95519,ZCTA5 95519,7552,68318,90730
8600000US95521,ZCTA5 95521,8331,69646,86849
8600000US95524,ZCTA5 95524,738,100125,117087
8600000US95525,ZCTA5 95525,652,64091,79574
8600000US95526,ZCTA5 95526,122,60750,125769
8600000US95527,ZCTA5 95527,276,57083,66371
8600000US95528,ZCTA5 95528,499,67917,97429
8600000US95531,ZCTA5 95531,8497,56843,71205
8600000US95536,ZCTA5 95536,1124,62206,93936
8600000US95537,ZCTA5 95537,114,-,N
8600000US95540,ZCTA5 95540,5402,57545,75216
8600000US95542,ZCTA5 95542,917,51042,74498
8600000US95543,ZCTA5 95543,252,55365,56185
8600000US95545,ZCTA5 95545,38,-,N
8600000US95546,ZCTA5 95546,1163,48092,57065
8600000US95547,ZCTA5 95547,450,83750,97920
8600000US95548,ZCTA5 95548,454,42727,61213
8600000US95549,ZCTA5 95549,350,92237,102768
8600000US95550,ZCTA5 95550,40,46750,87111
8600000US95551,ZCTA5 95551,570,63661,107762
8600000US95552,ZCTA5 95552,384,26250,46093
8600000US95553,ZCTA5 95553,403,140363,132510
8600000US95554,ZCTA5 95554,178,59375,61211
8600000US95555,ZCTA5 95555,174,35000,55820
8600000US95556,ZCTA5 95556,212,44250,40191
8600000US95558,ZCTA5 95558,186,68750,88544
8600000US95559,ZCTA5 95559,49,-,N
8600000US95560,ZCTA5 95560,651,82215,82154
8600000US95562,ZCTA5 95562,1336,64100,83292
8600000US95563,ZCTA5 95563,341,78750,144189
8600000US95564,ZCTA5 95564,158,44107,62087
8600000US95565,ZCTA5 95565,284,44886,66679
8600000US95567,ZCTA5 95567,742,61743,101742
8600000US95568,ZCTA5 95568,79,46354,55386
8600000US95569,ZCTA5 95569,178,39500,75302
8600000US95570,ZCTA5 95570,1026,79063,107089
8600000US95571,ZCTA5 95571,128,30391,38694
8600000US95573,ZCTA5 95573,634,82167,84631
8600000US95585,ZCTA5 95585,208,38906,48086
8600000US95587,ZCTA5 95587,41,-,N
8600000US95589,ZCTA5 95589,535,84079,107099
8600000US95595,ZCTA5 95595,60,-,231241
8600000US95601,ZCTA5 95601,68,-,108382
8600000US95602,ZCTA5 95602,7010,92213,112466
8600000US95603,ZCTA5 95603,12072,92342,109340
8600000US95604,ZCTA5 95604,51,-,101091
8600000US95605,ZCTA5 95605,4927,58889,74383
8600000US95606,ZCTA5 95606,98,-,86971
8600000US95607,ZCTA5 95607,167,75880,143432
8600000US95608,ZCTA5 95608,25440,81121,114170
8600000US95610,ZCTA5 95610,17927,74088,86036
8600000US95612,ZCTA5 95612,424,118934,128769
8600000US95614,ZCTA5 95614,1690,106732,119164
8600000US95615,ZCTA5 95615,245,56094,70042
8600000US95616,ZCTA5 95616,17302,124221,150525
8600000US95618,ZCTA5 95618,9692,140222,170288
8600000US95619,ZCTA5 95619,2159,93036,99974
8600000US95620,ZCTA5 95620,6703,81921,101787
8600000US95621,ZCTA5 95621,16385,72964,86582
8600000US95623,ZCTA5 95623,1505,92833,100308
8600000US95624,ZCTA5 95624,19948,100776,122030
8600000US95625,ZCTA5 95625,67,-,-
8600000US95626,ZCTA5 95626,1903,80199,95701
8600000US95627,ZCTA5 95627,1177,80179,108560
8600000US95628,ZCTA5 95628,16090,105035,135695
8600000US95629,ZCTA5 95629,350,78990,80296
8600000US95630,ZCTA5 95630,27836,138733,152791
8600000US95631,ZCTA5 95631,2699,89265,98719
8600000US95632,ZCTA5 95632,10042,86808,101646
8600000US95633,ZCTA5 95633,1376,85529,91308
8600000US95634,ZCTA5 95634,1386,54902,75411
8600000US95635,ZCTA5 95635,441,80099,86070
8600000US95636,ZCTA5 95636,545,51151,75109
8600000US95637,ZCTA5 95637,97,53810,79448
8600000US95638,ZCTA5 95638,741,108967,132898
8600000US95639,ZCTA5 95639,114,74615,86820
8600000US95640,ZCTA5 95640,3217,80156,96040
8600000US95641,ZCTA5 95641,719,66750,70107
8600000US95642,ZCTA5 95642,3147,74188,89573
8600000US95645,ZCTA5 95645,618,50789,65747
8600000US95646,ZCTA5 95646,34,-,N
8600000US95648,ZCTA5 95648,19587,102877,121931
8600000US95650,ZCTA5 95650,5390,109601,155934
8600000US95651,ZCTA5 95651,219,176944,193471
8600000US95652,ZCTA5 95652,218,31250,45157
8600000US95653,ZCTA5 95653,193,45152,56882
8600000US95655,ZCTA5 95655,1402,109570,123647
8600000US95658,ZCTA5 95658,2699,130893,153548
8600000US95659,ZCTA5 95659,391,71538,101965
8600000US95660,ZCTA5 95660,10593,46600,62250
8600000US95661,ZCTA5 95661,12031,107747,133961
8600000US95662,ZCTA5 95662,12247,91510,103612
8600000US95663,ZCTA5 95663,884,138250,147124
8600000US95664,ZCTA5 95664,578,77656,94718
8600000US95665,ZCTA5 95665,1679,95750,112072
8600000US95666,ZCTA5 95666,2357,73088,85839
8600000US95667,ZCTA5 95667,14335,89833,104829
8600000US95668,ZCTA5 95668,235,79750,88646
8600000US95669,ZCTA5 95669,884,90774,101689
8600000US95670,ZCTA5 95670,20736,72667,92906
8600000US95672,ZCTA5 95672,1953,113973,150316
8600000US95673,ZCTA5 95673,4958,74002,83065
8600000US95674,ZCTA5 95674,254,109779,136332
8600000US95675,ZCTA5 95675,217,41964,45163
8600000US95677,ZCTA5 95677,9363,105568,121669
8600000US95678,ZCTA5 95678,16154,88102,105485
8600000US95679,ZCTA5 95679,24,-,N
8600000US95680,ZCTA5 95680,10,-,-
8600000US95681,ZCTA5 95681,404,54779,78332
8600000US95682,ZCTA5 95682,11309,100716,122297
8600000US95683,ZCTA5 95683,2575,127230,141692
8600000US95684,ZCTA5 95684,1305,72440,87778
8600000US95685,ZCTA5 95685,1953,68156,94884
8600000US95686,ZCTA5 95686,372,30938,54275
8600000US95687,ZCTA5 95687,22220,102763,118065
8600000US95688,ZCTA5 95688,13231,106085,125778
8600000US95689,ZCTA5 95689,726,71406,137703
8600000US95690,ZCTA5 95690,748,59643,102081
8600000US95691,ZCTA5 95691,13665,95631,109433
8600000US95692,ZCTA5 95692,1910,92202,102721
8600000US95693,ZCTA5 95693,2510,111773,127167
8600000US95694,ZCTA5 95694,3477,86394,129367
8600000US95695,ZCTA5 95695,14749,73422,100336
8600000US95697,ZCTA5 95697,94,-,70040
8600000US95698,ZCTA5 95698,107,-,N
8600000US95699,ZCTA5 95699,20,-,-
8600000US95701,ZCTA5 95701,347,87059,95670
8600000US95703,ZCTA5 95703,381,90417,94124
8600000US95709,ZCTA5 95709,2090,101552,115497
8600000US95713,ZCTA5 95713,4091,92934,101706
8600000US95714,ZCTA5 95714,224,72813,96096
8600000US95715,ZCTA5 95715,36,146250,147739
8600000US95717,ZCTA5 95717,87,105114,100989
8600000US95720,ZCTA5 95720,48,-,145718
8600000US95721,ZCTA5 95721,0,-,-
8600000US95722,ZCTA5 95722,2048,113229,140993
8600000US95724,ZCTA5 95724,0,-,-
8600000US95726,ZCTA5 95726,3317,83387,97117
8600000US95728,ZCTA5 95728,101,104625,91976
8600000US95735,ZCTA5 95735,7,-,N
8600000US95736,ZCTA5 95736,64,-,70200
8600000US95742,ZCTA5 95742,3645,129872,132001
8600000US95746,ZCTA5 95746,8378,170620,224259
8600000US95747,ZCTA5 95747,23180,121952,137360
8600000US95757,ZCTA5 95757,14382,113153,129377
8600000US95758,ZCTA5 95758,21507,93574,107541
8600000US95762,ZCTA5 95762,14577,155742,192277
8600000US95765,ZCTA5 95765,12912,125439,141649
8600000US95776,ZCTA5 95776,7595,86988,106503
8600000US95811,ZCTA5 95811,3449,51875,102534
8600000US95814,ZCTA5 95814,6709,47115,72401
8600000US95815,ZCTA5 95815,9226,42320,55639
8600000US95816,ZCTA5 95816,9961,130855,151527
8600000US95817,ZCTA5 95817,6148,66618,79980
8600000US95818,ZCTA5 95818,9943,113341,138129
8600000US95819,ZCTA5 95819,7901,138705,158351
8600000US95820,ZCTA5 95820,12964,52338,67594
8600000US95821,ZCTA5 95821,15044,51998,74325
8600000US95822,ZCTA5 95822,15979,67872,88343
8600000US95823,ZCTA5 95823,23710,51237,65509
8600000US95824,ZCTA5 95824,9103,40155,54758
8600000US95825,ZCTA5 95825,16404,41242,59377
8600000US95826,ZCTA5 95826,15214,74829,88261
8600000US95827,ZCTA5 95827,7292,63064,78902
8600000US95828,ZCTA5 95828,17852,58154,69911
8600000US95829,ZCTA5 95829,8443,99575,111831
8600000US95830,ZCTA5 95830,258,101339,130729
8600000US95831,ZCTA5 95831,18443,98568,121092
8600000US95832,ZCTA5 95832,3147,51250,58690
8600000US95833,ZCTA5 95833,14656,69262,88795
8600000US95834,ZCTA5 95834,10613,75032,86314
8600000US95835,ZCTA5 95835,13718,114714,138954
8600000US95837,ZCTA5 95837,119,176250,248730
8600000US95838,ZCTA5 95838,11056,51732,66110
8600000US95841,ZCTA5 95841,8191,58133,71236
8600000US95842,ZCTA5 95842,11449,56718,66797
8600000US95843,ZCTA5 95843,14275,81162,91397
8600000US95864,ZCTA5 95864,9359,128803,185892
8600000US95901,ZCTA5 95901,11734,63202,75429
8600000US95903,ZCTA5 95903,341,49917,65403
8600000US95910,ZCTA5 95910,53,-,N
8600000US95912,ZCTA5 95912,1576,72500,101320
8600000US95914,ZCTA5 95914,320,-,66448
8600000US95915,ZCTA5 95915,0,-,-
8600000US95916,ZCTA5 95916,568,38958,56888
8600000US95917,ZCTA5 95917,1104,64548,94913
8600000US95918,ZCTA5 95918,1290,107576,126672
8600000US95919,ZCTA5 95919,484,66641,71107
8600000US95920,ZCTA5 95920,131,-,107362
8600000US95922,ZCTA5 95922,321,99541,94100
8600000US95923,ZCTA5 95923,16,-,52782
8600000US95925,ZCTA5 95925,142,-,32449
8600000US95926,ZCTA5 95926,14942,71169,96847
8600000US95928,ZCTA5 95928,14473,74820,107727
8600000US95930,ZCTA5 95930,34,-,N
8600000US95932,ZCTA5 95932,2874,60503,79346
8600000US95934,ZCTA5 95934,97,-,N
8600000US95935,ZCTA5 95935,130,-,N
8600000US95936,ZCTA5 95936,69,94891,107239
8600000US95937,ZCTA5 95937,536,51842,101345
8600000US95938,ZCTA5 95938,1522,117550,112314
8600000US95939,ZCTA5 95939,192,45769,54392
8600000US95941,ZCTA5 95941,361,60987,63551
8600000US95942,ZCTA5 95942,564,-,296689
8600000US95943,ZCTA5 95943,325,86944,129373
8600000US95944,ZCTA5 95944,14,-,N
8600000US95945,ZCTA5 95945,11162,62972,84137
8600000US95946,ZCTA5 95946,3799,75469,91872
8600000US95947,ZCTA5 95947,826,63810,75588
8600000US95948,ZCTA5 95948,3718,64914,85719
8600000US95949,ZCTA5 95949,8408,86817,107827
8600000US95950,ZCTA5 95950,151,27083,33253
8600000US95951,ZCTA5 95951,854,49821,55780
8600000US95953,ZCTA5 95953,3262,62022,83553
8600000US95954,ZCTA5 95954,4934,61140,68306
8600000US95955,ZCTA5 95955,513,67875,87485
8600000US95956,ZCTA5 95956,167,126071,127853
8600000US95957,ZCTA5 95957,313,67500,95986
8600000US95959,ZCTA5 95959,7538,87288,113371
8600000US95960,ZCTA5 95960,348,80133,64415
8600000US95961,ZCTA5 95961,8926,63115,78616
8600000US95962,ZCTA5 95962,626,98008,97498
8600000US95963,ZCTA5 95963,5473,55947,69266
8600000US95965,ZCTA5 95965,6983,47013,61846
8600000US95966,ZCTA5 95966,11266,55179,71813
8600000US95968,ZCTA5 95968,434,32071,54111
8600000US95969,ZCTA5 95969,9961,66307,87878
8600000US95970,ZCTA5 95970,254,76500,108222
8600000US95971,ZCTA5 95971,2428,74766,86000
8600000US95973,ZCTA5 95973,14219,86339,112299
8600000US95974,ZCTA5 95974,16,-,-
8600000US95975,ZCTA5 95975,796,69051,79623
8600000US95977,ZCTA5 95977,714,63553,68977
8600000US95978,ZCTA5 95978,81,-,37702
8600000US95979,ZCTA5 95979,203,51591,94779
8600000US95981,ZCTA5 95981,13,-,N
8600000US95982,ZCTA5 95982,1187,86278,92736
8600000US95983,ZCTA5 95983,149,-,127110
8600000US95984,ZCTA5 95984,127,-,N
8600000US95986,ZCTA5 95986,32,-,N
8600000US95987,ZCTA5 95987,1766,70785,84421
8600000US95988,ZCTA5 95988,3204,65812,75742
8600000US95991,ZCTA5 95991,14432,56148,73674
8600000US95993,ZCTA5 95993,12285,77323,101241
8600000US96001,ZCTA5 96001,13992,76200,97433
8600000US96002,ZCTA5 96002,12627,65448,85977
8600000US96003,ZCTA5 96003,18410,66321,85229
8600000US96006,ZCTA5 96006,191,85125,79461
8600000US96007,ZCTA5 96007,9110,64559,82104
8600000US96008,ZCTA5 96008,464,63726,87959
8600000US96009,ZCTA5 96009,163,55938,87016
8600000US96010,ZCTA5 96010,50,35781,40300
8600000US96011,ZCTA5 96011,79,26094,42618
8600000US96013,ZCTA5 96013,1766,59929,77108
8600000US96014,ZCTA5 96014,89,-,N
8600000US96015,ZCTA5 96015,40,-,N
8600000US96016,ZCTA5 96016,189,99750,90370
8600000US96017,ZCTA5 96017,77,49250,57513
8600000US96019,ZCTA5 96019,3891,57866,63286
8600000US96020,ZCTA5 96020,1124,78646,104259
8600000US96021,ZCTA5 96021,5798,51446,69286
8600000US96022,ZCTA5 96022,6243,63153,79566
8600000US96023,ZCTA5 96023,503,37083,45162
8600000US96024,ZCTA5 96024,423,48750,76453
8600000US96025,ZCTA5 96025,1003,48214,53479
8600000US96027,ZCTA5 96027,934,74125,79906
8600000US96028,ZCTA5 96028,559,94583,114602
8600000US96029,ZCTA5 96029,61,40909,53840
8600000US96031,ZCTA5 96031,60,27500,33550
8600000US96032,ZCTA5 96032,1091,61518,70962
8600000US96033,ZCTA5 96033,209,45500,53361
8600000US96034,ZCTA5 96034,136,50000,73376
8600000US96035,ZCTA5 96035,1262,46563,59153
8600000US96037,ZCTA5 96037,121,84063,73454
8600000US96038,ZCTA5 96038,266,59167,76709
8600000US96039,ZCTA5 96039,439,39722,65106
8600000US96040,ZCTA5 96040,63,74167,75078
8600000US96041,ZCTA5 96041,1271,37000,61388
8600000US96044,ZCTA5 96044,471,54423,59882
8600000US96046,ZCTA5 96046,57,-,N
8600000US96047,ZCTA5 96047,350,66944,87939
8600000US96048,ZCTA5 96048,368,68571,79199
8600000US96049,ZCTA5 96049,27,-,50254
8600000US96050,ZCTA5 96050,211,39167,57710
8600000US96051,ZCTA5 96051,570,55000,71038
8600000US96052,ZCTA5 96052,640,61157,69381
8600000US96054,ZCTA5 96054,144,52361,58701
8600000US96055,ZCTA5 96055,1537,60449,75235
8600000US96056,ZCTA5 96056,696,61111,71167
8600000US96057,ZCTA5 96057,611,50833,72695
8600000US96058,ZCTA5 96058,195,66458,76352
8600000US96059,ZCTA5 96059,205,39861,50579
8600000US96061,ZCTA5 96061,11,-,N
8600000US96062,ZCTA5 96062,434,78036,100048
8600000US96063,ZCTA5 96063,137,-,82451
8600000US96064,ZCTA5 96064,1875,58839,73623
8600000US96065,ZCTA5 96065,177,70417,103501
8600000US96067,ZCTA5 96067,3462,58457,73451
8600000US96068,ZCTA5 96068,49,15938,16873
8600000US96069,ZCTA5 96069,366,77083,95337
8600000US96071,ZCTA5 96071,15,-,N
8600000US96073,ZCTA5 96073,1478,100583,124731
8600000US96074,ZCTA5 96074,57,45833,70473
8600000US96075,ZCTA5 96075,159,-,41695
8600000US96076,ZCTA5 96076,135,29352,33339
8600000US96080,ZCTA5 96080,11184,55039,75993
8600000US96084,ZCTA5 96084,189,36250,48044
8600000US96085,ZCTA5 96085,19,-,111188
8600000US96086,ZCTA5 96086,139,46875,59566
8600000US96087,ZCTA5 96087,249,68088,83167
8600000US96088,ZCTA5 96088,2092,64950,76517
8600000US96090,ZCTA5 96090,219,45000,65267
8600000US96091,ZCTA5 96091,355,52931,59088
8600000US96092,ZCTA5 96092,116,89318,112731
8600000US96093,ZCTA5 96093,1644,52000,59554
8600000US96094,ZCTA5 96094,2861,62171,106086
8600000US96096,ZCTA5 96096,286,63472,73748
8600000US96097,ZCTA5 96097,4336,52237,66591
8600000US96101,ZCTA5 96101,2182,62563,61855
8600000US96103,ZCTA5 96103,690,80729,98188
8600000US96104,ZCTA5 96104,348,56750,69299
8600000US96105,ZCTA5 96105,204,-,N
8600000US96106,ZCTA5 96106,122,72159,85477
8600000US96107,ZCTA5 96107,497,63839,90305
8600000US96108,ZCTA5 96108,55,-,57083
8600000US96109,ZCTA5 96109,354,56793,69898
8600000US96110,ZCTA5 96110,53,84375,92186
8600000US96111,ZCTA5 96111,51,-,N
8600000US96112,ZCTA5 96112,85,60833,66965
8600000US96113,ZCTA5 96113,391,47708,46908
8600000US96114,ZCTA5 96114,1334,96444,97637
8600000US96115,ZCTA5 96115,75,56083,47206
8600000US96116,ZCTA5 96116,109,-,N
8600000US96117,ZCTA5 96117,154,51250,46279
8600000US96118,ZCTA5 96118,738,60739,84263
8600000US96119,ZCTA5 96119,19,-,22805
8600000US96120,ZCTA5 96120,316,89531,100797
8600000US96121,ZCTA5 96121,149,-,130405
8600000US96122,ZCTA5 96122,1518,68611,86588
8600000US96123,ZCTA5 96123,9,68750,59650
8600000US96124,ZCTA5 96124,192,74063,126901
8600000US96125,ZCTA5 96125,60,145417,123720
8600000US96126,ZCTA5 96126,50,-,N
8600000US96128,ZCTA5 96128,302,85750,101438
8600000US96129,ZCTA5 96129,138,-,140720
8600000US96130,ZCTA5 96130,5023,69073,83570
8600000US96132,ZCTA5 96132,27,28750,34157
8600000US96133,ZCTA5 96133,70,-,N
8600000US96134,ZCTA5 96134,727,42634,56514
8600000US96135,ZCTA5 96135,125,-,N
8600000US96136,ZCTA5 96136,22,-,N
8600000US96137,ZCTA5 96137,1635,63373,80555
8600000US96140,ZCTA5 96140,480,85577,93876
8600000US96141,ZCTA5 96141,184,76923,145926
8600000US96142,ZCTA5 96142,334,72434,76942
8600000US96143,ZCTA5 96143,1558,48404,62516
8600000US96145,ZCTA5 96145,1032,84387,114021
8600000US96146,ZCTA5 96146,503,137833,193650
8600000US96148,ZCTA5 96148,214,-,81407
8600000US96150,ZCTA5 96150,11767,76285,100772
8600000US96155,ZCTA5 96155,0,-,-
8600000US96161,ZCTA5 96161,6927,115926,160355
8600000US97635,ZCTA5 97635,85,-,56243